supermarket,raw_text,raw_category,standardized_category,scraped_date,product_url
RedMart,"SAVE $1.20
$2.30
$3.50
Susu Mango
250 g
2D
4.7
(589)
$0.92/100g","Dairy, Chilled & Eggs",Dairy,2026-04-01,https://www.lazada.sg/products/pdp-i2625431082-s16694655317.html?fs_ab=2&priceCompare=skuId%3A16694655317%3Bsource%3Alazada-search-voucher-other%3Bsn%3Abf1e34f88c358a51c22dfd04385ab5d1%3BoriginPrice%3A230%3BdisplayPrice%3A230%3BsinglePromotionId%3A91471632335877%3BsingleToolCode%3AsingleBuy%3BvoucherPricePlugin%3A0%3Btimestamp%3A1775012041416&c=&ratingscore=4.748726655348047&freeshipping=0&channelLpJumpArgs=&fuse_fs=&search=1&sale=27391&price=2.3&review=589&location=Singapore&stock=1&lang=en&request_id=bf1e34f88c358a51c22dfd04385ab5d1
RedMart,"Any 2 For $12.9
$7.45
Driscoll's Blackberries 125G
125 g
3D
4.8
(505)
$5.96/100g","Dairy, Chilled & Eggs",Dairy,2026-04-01,https://www.lazada.sg/products/pdp-i303368240-s536720117.html?fs_ab=2&priceCompare=skuId%3A536720117%3Bsource%3Alazada-search-voucher-other%3Bsn%3Abf1e34f88c358a51c22dfd04385ab5d1%3BoriginPrice%3A745%3BdisplayPrice%3A745%3BsinglePromotionId%3A-1%3BsingleToolCode%3A-1%3BvoucherPricePlugin%3A0%3Btimestamp%3A1775012041416&c=&ratingscore=4.857425742574257&freeshipping=0&channelLpJumpArgs=&fuse_fs=&search=1&sale=32994&price=7.45&review=505&location=Singapore&stock=1&lang=en&request_id=bf1e34f88c358a51c22dfd04385ab5d1
RedMart,"SAVE $3.00
$6.95
$9.95
Sunkist Cara Cara Orange Fruit
800 g
4D
4.8
(196)
$0.87/100g","Dairy, Chilled & Eggs",Dairy,2026-04-01,https://www.lazada.sg/products/pdp-i304142345-s538320507.html?fs_ab=2&priceCompare=skuId%3A538320507%3Bsource%3Alazada-search-voucher-other%3Bsn%3Abf1e34f88c358a51c22dfd04385ab5d1%3BoriginPrice%3A695%3BdisplayPrice%3A695%3BsinglePromotionId%3A91471634867030%3BsingleToolCode%3AflashSale%3BvoucherPricePlugin%3A0%3Btimestamp%3A1775012041416&c=&ratingscore=4.836734693877551&freeshipping=0&channelLpJumpArgs=&fuse_fs=&search=1&sale=8115&price=6.95&review=196&location=Singapore&stock=1&lang=en&request_id=bf1e34f88c358a51c22dfd04385ab5d1
RedMart,"Buy 3 For $5.95
$3.95
Thai Honey Mango HoneyBee
280 g
2D
4.4
(2.1k)
$1.41/100g","Dairy, Chilled & Eggs",Dairy,2026-04-01,https://www.lazada.sg/products/pdp-i304950716-s541050645.html?fs_ab=2&priceCompare=skuId%3A541050645%3Bsource%3Alazada-search-voucher-other%3Bsn%3Abf1e34f88c358a51c22dfd04385ab5d1%3BoriginPrice%3A395%3BdisplayPrice%3A395%3BsinglePromotionId%3A-1%3BsingleToolCode%3A-1%3BvoucherPricePlugin%3A0%3Btimestamp%3A1775012041416&c=&ratingscore=4.461281070745698&freeshipping=0&channelLpJumpArgs=&fuse_fs=&search=1&sale=202042&price=3.95&review=2092&location=Singapore&stock=1&lang=en&request_id=bf1e34f88c358a51c22dfd04385ab5d1
RedMart,"10% OFF
$3.46
$3.85
RedMart Valencia Oranges
1 kg
4D
4.8
(9.5k)
$0.35/100g","Dairy, Chilled & Eggs",Dairy,2026-04-01,https://www.lazada.sg/products/pdp-i301106821-s527124124.html?fs_ab=2&priceCompare=skuId%3A527124124%3Bsource%3Alazada-search-voucher-other%3Bsn%3Abf1e34f88c358a51c22dfd04385ab5d1%3BoriginPrice%3A346%3BdisplayPrice%3A346%3BsinglePromotionId%3A91471632293833%3BsingleToolCode%3AsingleBuy%3BvoucherPricePlugin%3A0%3Btimestamp%3A1775012041416&c=&ratingscore=4.8222974402369365&freeshipping=0&channelLpJumpArgs=&fuse_fs=&search=1&sale=553083&price=3.46&review=9454&location=Singapore&stock=1&lang=en&request_id=bf1e34f88c358a51c22dfd04385ab5d1
RedMart,"Buy 3 For $5.95
$2.37
Red Dragonfruit 300G
300 g
3D
4.5
(6.8k)
$0.79/100g","Dairy, Chilled & Eggs",Dairy,2026-04-01,https://www.lazada.sg/products/pdp-i303468148-s536852178.html?fs_ab=2&priceCompare=skuId%3A536852178%3Bsource%3Alazada-search-voucher-other%3Bsn%3Abf1e34f88c358a51c22dfd04385ab5d1%3BoriginPrice%3A237%3BdisplayPrice%3A237%3BsinglePromotionId%3A-1%3BsingleToolCode%3A-1%3BvoucherPricePlugin%3A0%3Btimestamp%3A1775012041416&c=&ratingscore=4.52804842043106&freeshipping=0&channelLpJumpArgs=&fuse_fs=&search=1&sale=448267&price=2.37&review=6774&location=Singapore&stock=1&lang=en&request_id=bf1e34f88c358a51c22dfd04385ab5d1
RedMart,"12% OFF
$3.95
$4.50
RedMart Easy Peel Mandarin
500 g
4D
4.7
(6.2k)
$0.79/100g","Dairy, Chilled & Eggs",Dairy,2026-04-01,https://www.lazada.sg/products/pdp-i1142960678-s4461922707.html?fs_ab=2&priceCompare=skuId%3A4461922707%3Bsource%3Alazada-search-voucher-other%3Bsn%3Abf1e34f88c358a51c22dfd04385ab5d1%3BoriginPrice%3A395%3BdisplayPrice%3A395%3BsinglePromotionId%3A91471632350755%3BsingleToolCode%3AsingleBuy%3BvoucherPricePlugin%3A0%3Btimestamp%3A1775012041416&c=&ratingscore=4.787524366471735&freeshipping=0&channelLpJumpArgs=&fuse_fs=&search=1&sale=339209&price=3.95&review=6156&location=Singapore&stock=1&lang=en&request_id=bf1e34f88c358a51c22dfd04385ab5d1
RedMart,"37% OFF
$6.95
$10.95
RedMart Korean Strawberries
250 g
3D
4.8
(1.1k)
$2.78/100g","Dairy, Chilled & Eggs",Dairy,2026-04-01,https://www.lazada.sg/products/pdp-i303638004-s537286202.html?fs_ab=2&priceCompare=skuId%3A537286202%3Bsource%3Alazada-search-voucher-other%3Bsn%3Abf1e34f88c358a51c22dfd04385ab5d1%3BoriginPrice%3A695%3BdisplayPrice%3A695%3BsinglePromotionId%3A91471632261925%3BsingleToolCode%3AsingleBuy%3BvoucherPricePlugin%3A0%3Btimestamp%3A1775012041416&c=&ratingscore=4.867924528301887&freeshipping=0&channelLpJumpArgs=&fuse_fs=&search=1&sale=89940&price=6.95&review=1113&location=Singapore&stock=1&lang=en&request_id=bf1e34f88c358a51c22dfd04385ab5d1
RedMart,"10% OFF
$3.46
$3.85
RedMart Red Apple
600 g
8D
4.7
(3.7k)
$0.58/100g","Dairy, Chilled & Eggs",Dairy,2026-04-01,https://www.lazada.sg/products/pdp-i303648503-s537308432.html?fs_ab=2&priceCompare=skuId%3A537308432%3Bsource%3Alazada-search-voucher-other%3Bsn%3Abf1e34f88c358a51c22dfd04385ab5d1%3BoriginPrice%3A346%3BdisplayPrice%3A346%3BsinglePromotionId%3A91471729007187%3BsingleToolCode%3AsingleBuy%3BvoucherPricePlugin%3A0%3Btimestamp%3A1775012041416&c=&ratingscore=4.765229110512129&freeshipping=0&channelLpJumpArgs=&fuse_fs=&search=1&sale=211452&price=3.46&review=3710&location=Singapore&stock=1&lang=en&request_id=bf1e34f88c358a51c22dfd04385ab5d1
RedMart,"$6.95
Fresh Figs 160G
160 g
3D
4.7
(641)
$4.34/100g","Dairy, Chilled & Eggs",Dairy,2026-04-01,https://www.lazada.sg/products/pdp-i304244959-s538456854.html?fs_ab=2&priceCompare=skuId%3A538456854%3Bsource%3Alazada-search-voucher-other%3Bsn%3Abf1e34f88c358a51c22dfd04385ab5d1%3BoriginPrice%3A695%3BdisplayPrice%3A695%3BsinglePromotionId%3A-1%3BsingleToolCode%3A-1%3BvoucherPricePlugin%3A0%3Btimestamp%3A1775012041416&c=&ratingscore=4.714508580343214&freeshipping=0&channelLpJumpArgs=&fuse_fs=&search=1&sale=35844&price=6.95&review=641&location=Singapore&stock=1&lang=en&request_id=bf1e34f88c358a51c22dfd04385ab5d1
RedMart,"6% OFF
$2.20
$2.35
Candy Apple
500 g
5D
4.8
(3.3k)
$0.44/100g","Dairy, Chilled & Eggs",Dairy,2026-04-01,https://www.lazada.sg/products/pdp-i304240132-s538424480.html?fs_ab=2&priceCompare=skuId%3A538424480%3Bsource%3Alazada-search-voucher-other%3Bsn%3Abf1e34f88c358a51c22dfd04385ab5d1%3BoriginPrice%3A220%3BdisplayPrice%3A220%3BsinglePromotionId%3A91471632256936%3BsingleToolCode%3AsingleBuy%3BvoucherPricePlugin%3A0%3Btimestamp%3A1775012041416&c=&ratingscore=4.858834244080145&freeshipping=0&channelLpJumpArgs=&fuse_fs=&search=1&sale=124091&price=2.2&review=3294&location=Singapore&stock=1&lang=en&request_id=bf1e34f88c358a51c22dfd04385ab5d1
RedMart,"34% OFF
$8.51
$12.95
RedMart Green Seedless Grapes (Airflown) Australia/USA
500 g
3D
4.6
(1.3k)
$1.70/100g","Dairy, Chilled & Eggs",Dairy,2026-04-01,https://www.lazada.sg/products/pdp-i1180264698-s4696294810.html?fs_ab=2&priceCompare=skuId%3A4696294810%3Bsource%3Alazada-search-voucher-other%3Bsn%3Abf1e34f88c358a51c22dfd04385ab5d1%3BoriginPrice%3A851%3BdisplayPrice%3A851%3BsinglePromotionId%3A91471727676726%3BsingleToolCode%3AsingleBuy%3BvoucherPricePlugin%3A0%3Btimestamp%3A1775012041416&c=&ratingscore=4.652434456928839&freeshipping=0&channelLpJumpArgs=&fuse_fs=&search=1&sale=86867&price=8.51&review=1335&location=Singapore&stock=1&lang=en&request_id=bf1e34f88c358a51c22dfd04385ab5d1
RedMart,"Buy 2 For $8.95
$6.95
Driscoll's Premium Select Jumbo Blueberries 125g
125 g
2D
4.9
(2.6k)
$5.56/100g","Dairy, Chilled & Eggs",Dairy,2026-04-01,https://www.lazada.sg/products/pdp-i2740514363-s18577153162.html?fs_ab=2&priceCompare=skuId%3A18577153162%3Bsource%3Alazada-search-voucher-other%3Bsn%3Abf1e34f88c358a51c22dfd04385ab5d1%3BoriginPrice%3A695%3BdisplayPrice%3A695%3BsinglePromotionId%3A-1%3BsingleToolCode%3A-1%3BvoucherPricePlugin%3A0%3Btimestamp%3A1775012041416&c=&ratingscore=4.910086890819796&freeshipping=0&channelLpJumpArgs=&fuse_fs=&search=1&sale=194210&price=6.95&review=2647&location=Singapore&stock=1&lang=en&request_id=bf1e34f88c358a51c22dfd04385ab5d1
RedMart,"SAVE $7.99
$9.96
$17.95
Premium Korean Strawberries 330 G
330 g
3D
4.8
(499)
$3.02/100g","Dairy, Chilled & Eggs",Dairy,2026-04-01,https://www.lazada.sg/products/pdp-i303234617-s536556269.html?fs_ab=2&priceCompare=skuId%3A536556269%3Bsource%3Alazada-search-voucher-other%3Bsn%3Abf1e34f88c358a51c22dfd04385ab5d1%3BoriginPrice%3A996%3BdisplayPrice%3A996%3BsinglePromotionId%3A91471729011218%3BsingleToolCode%3AsingleBuy%3BvoucherPricePlugin%3A0%3Btimestamp%3A1775012041416&c=&ratingscore=4.811623246492986&freeshipping=0&channelLpJumpArgs=&fuse_fs=&search=1&sale=27199&price=9.96&review=499&location=Singapore&stock=1&lang=en&request_id=bf1e34f88c358a51c22dfd04385ab5d1
RedMart,"SAVE $4.45
$4.50
$8.95
Australia Yellow Peaches
500 g
3D
4.5
(856)
$0.90/100g","Dairy, Chilled & Eggs",Dairy,2026-04-01,https://www.lazada.sg/products/pdp-i351530236-s817622884.html?fs_ab=2&priceCompare=skuId%3A817622884%3Bsource%3Alazada-search-voucher-other%3Bsn%3Abf1e34f88c358a51c22dfd04385ab5d1%3BoriginPrice%3A450%3BdisplayPrice%3A450%3BsinglePromotionId%3A91471634867030%3BsingleToolCode%3AflashSale%3BvoucherPricePlugin%3A0%3Btimestamp%3A1775012041416&c=&ratingscore=4.546728971962617&freeshipping=0&channelLpJumpArgs=&fuse_fs=&search=1&sale=36309&price=4.5&review=856&location=Singapore&stock=1&lang=en&request_id=bf1e34f88c358a51c22dfd04385ab5d1
RedMart,"10% OFF
$6.25
$6.95
RedMart Pink Lady Apples
1 kg
6D
4.6
(1.4k)
$0.63/100g","Dairy, Chilled & Eggs",Dairy,2026-04-01,https://www.lazada.sg/products/pdp-i303974837-s538082891.html?fs_ab=2&priceCompare=skuId%3A538082891%3Bsource%3Alazada-search-voucher-other%3Bsn%3Abf1e34f88c358a51c22dfd04385ab5d1%3BoriginPrice%3A625%3BdisplayPrice%3A625%3BsinglePromotionId%3A91471632269928%3BsingleToolCode%3AsingleBuy%3BvoucherPricePlugin%3A0%3Btimestamp%3A1775012041416&c=&ratingscore=4.637660485021398&freeshipping=0&channelLpJumpArgs=&fuse_fs=&search=1&sale=127671&price=6.25&review=1402&location=Singapore&stock=1&lang=en&request_id=bf1e34f88c358a51c22dfd04385ab5d1
RedMart,"$5.90
Honeydew Melon
1500 g
3D
4.5
(1.8k)
$0.39/100g","Dairy, Chilled & Eggs",Dairy,2026-04-01,https://www.lazada.sg/products/pdp-i303232772-s536566348.html?fs_ab=2&priceCompare=skuId%3A536566348%3Bsource%3Alazada-search-voucher-other%3Bsn%3Abf1e34f88c358a51c22dfd04385ab5d1%3BoriginPrice%3A590%3BdisplayPrice%3A590%3BsinglePromotionId%3A-1%3BsingleToolCode%3A-1%3BvoucherPricePlugin%3A0%3Btimestamp%3A1775012041416&c=&ratingscore=4.527852893455922&freeshipping=0&channelLpJumpArgs=&fuse_fs=&search=1&sale=74630&price=5.9&review=1849&location=Singapore&stock=1&lang=en&request_id=bf1e34f88c358a51c22dfd04385ab5d1
RedMart,"SAVE $1.34
$7.61
$8.95
Organic Fuji Apple
1 kg
5D
4.9
(360)
$0.76/100g","Dairy, Chilled & Eggs",Dairy,2026-04-01,https://www.lazada.sg/products/pdp-i520084174-s1455022568.html?fs_ab=2&priceCompare=skuId%3A1455022568%3Bsource%3Alazada-search-voucher-other%3Bsn%3Abf1e34f88c358a51c22dfd04385ab5d1%3BoriginPrice%3A761%3BdisplayPrice%3A761%3BsinglePromotionId%3A91471634867030%3BsingleToolCode%3AflashSale%3BvoucherPricePlugin%3A0%3Btimestamp%3A1775012041416&c=&ratingscore=4.9&freeshipping=0&channelLpJumpArgs=&fuse_fs=&search=1&sale=23801&price=7.61&review=360&location=Singapore&stock=1&lang=en&request_id=bf1e34f88c358a51c22dfd04385ab5d1
RedMart,"11% OFF
$7.96
$8.95
Mexico/USA Hass Avocado 4 pcs (Airflown)
450 g
4D
4.6
(4.2k)
$1.77/100g","Dairy, Chilled & Eggs",Dairy,2026-04-01,https://www.lazada.sg/products/pdp-i301100809-s527084959.html?fs_ab=2&priceCompare=skuId%3A527084959%3Bsource%3Alazada-search-voucher-other%3Bsn%3Abf1e34f88c358a51c22dfd04385ab5d1%3BoriginPrice%3A796%3BdisplayPrice%3A796%3BsinglePromotionId%3A91471630954049%3BsingleToolCode%3AsingleBuy%3BvoucherPricePlugin%3A0%3Btimestamp%3A1775012041416&c=&ratingscore=4.637910659418577&freeshipping=0&channelLpJumpArgs=&fuse_fs=&search=1&sale=325687&price=7.96&review=4231&location=Singapore&stock=1&lang=en&request_id=bf1e34f88c358a51c22dfd04385ab5d1
RedMart,"$4.25
Sunpride Honey Pineapples
1.4 kg
8D
4.7
(2.3k)
$0.30/100g","Dairy, Chilled & Eggs",Dairy,2026-04-01,https://www.lazada.sg/products/pdp-i301078942-s527100903.html?fs_ab=2&priceCompare=skuId%3A527100903%3Bsource%3Alazada-search-voucher-other%3Bsn%3Abf1e34f88c358a51c22dfd04385ab5d1%3BoriginPrice%3A425%3BdisplayPrice%3A425%3BsinglePromotionId%3A-1%3BsingleToolCode%3A-1%3BvoucherPricePlugin%3A0%3Btimestamp%3A1775012041416&c=&ratingscore=4.743237250554324&freeshipping=0&channelLpJumpArgs=&fuse_fs=&search=1&sale=120748&price=4.25&review=2255&location=Singapore&stock=1&lang=en&request_id=bf1e34f88c358a51c22dfd04385ab5d1
RedMart,"$5.04
Green Kiwi Fruit 6s
440 g
5D
4.6
(2.4k)
$1.15/100g","Dairy, Chilled & Eggs",Dairy,2026-04-01,https://www.lazada.sg/products/pdp-i301108865-s527088978.html?fs_ab=2&priceCompare=skuId%3A527088978%3Bsource%3Alazada-search-voucher-other%3Bsn%3Abf1e34f88c358a51c22dfd04385ab5d1%3BoriginPrice%3A504%3BdisplayPrice%3A504%3BsinglePromotionId%3A-1%3BsingleToolCode%3A-1%3BvoucherPricePlugin%3A0%3Btimestamp%3A1775012041416&c=&ratingscore=4.630615640599002&freeshipping=0&channelLpJumpArgs=&fuse_fs=&search=1&sale=120047&price=5.04&review=2404&location=Singapore&stock=1&lang=en&request_id=bf1e34f88c358a51c22dfd04385ab5d1
RedMart,"SAVE $3.00
$5.95
$8.95
Australia White Peaches
500 g
3D
4.6
(1.1k)
$1.19/100g","Dairy, Chilled & Eggs",Dairy,2026-04-01,https://www.lazada.sg/products/pdp-i351530235-s817622883.html?fs_ab=2&priceCompare=skuId%3A817622883%3Bsource%3Alazada-search-voucher-other%3Bsn%3Abf1e34f88c358a51c22dfd04385ab5d1%3BoriginPrice%3A595%3BdisplayPrice%3A595%3BsinglePromotionId%3A91471728997309%3BsingleToolCode%3AsingleBuy%3BvoucherPricePlugin%3A0%3Btimestamp%3A1775012041416&c=&ratingscore=4.611692844677138&freeshipping=0&channelLpJumpArgs=&fuse_fs=&search=1&sale=56618&price=5.95&review=1146&location=Singapore&stock=1&lang=en&request_id=bf1e34f88c358a51c22dfd04385ab5d1
RedMart,"$7.80
Organic Juliet Apple
800 g
4D
4.7
(314)
$0.98/100g","Dairy, Chilled & Eggs",Dairy,2026-04-01,https://www.lazada.sg/products/pdp-i520072241-s1455024481.html?fs_ab=2&priceCompare=skuId%3A1455024481%3Bsource%3Alazada-search-voucher-other%3Bsn%3Abf1e34f88c358a51c22dfd04385ab5d1%3BoriginPrice%3A780%3BdisplayPrice%3A780%3BsinglePromotionId%3A-1%3BsingleToolCode%3A-1%3BvoucherPricePlugin%3A0%3Btimestamp%3A1775012041416&c=&ratingscore=4.777070063694268&freeshipping=0&channelLpJumpArgs=&fuse_fs=&search=1&sale=20930&price=7.8&review=314&location=Singapore&stock=1&lang=en&request_id=bf1e34f88c358a51c22dfd04385ab5d1
RedMart,"SAVE 76¢
$3.04
$3.80
RedMart Green Apples
600 g
8D
4.8
(2.6k)
$0.51/100g","Dairy, Chilled & Eggs",Dairy,2026-04-01,https://www.lazada.sg/products/pdp-i303654320-s537320284.html?fs_ab=2&priceCompare=skuId%3A537320284%3Bsource%3Alazada-search-voucher-other%3Bsn%3Abf1e34f88c358a51c22dfd04385ab5d1%3BoriginPrice%3A304%3BdisplayPrice%3A304%3BsinglePromotionId%3A91471634867030%3BsingleToolCode%3AflashSale%3BvoucherPricePlugin%3A0%3Btimestamp%3A1775012041416&c=&ratingscore=4.8478344193177465&freeshipping=0&channelLpJumpArgs=&fuse_fs=&search=1&sale=148864&price=3.04&review=2609&location=Singapore&stock=1&lang=en&request_id=bf1e34f88c358a51c22dfd04385ab5d1
RedMart,"12% OFF
$3.96
$4.50
Sumifru Banana Sweet Mountain Bananas
820 g
3D
4.8
(5.1k)
$0.48/100g","Dairy, Chilled & Eggs",Dairy,2026-04-01,https://www.lazada.sg/products/pdp-i395146723-s952382623.html?fs_ab=2&priceCompare=skuId%3A952382623%3Bsource%3Alazada-search-voucher-other%3Bsn%3Abf1e34f88c358a51c22dfd04385ab5d1%3BoriginPrice%3A396%3BdisplayPrice%3A396%3BsinglePromotionId%3A91471598412249%3BsingleToolCode%3AsingleBuy%3BvoucherPricePlugin%3A0%3Btimestamp%3A1775012041416&c=&ratingscore=4.82813109637144&freeshipping=0&channelLpJumpArgs=&fuse_fs=&search=1&sale=259371&price=3.96&review=5125&location=Singapore&stock=1&lang=en&request_id=bf1e34f88c358a51c22dfd04385ab5d1
RedMart,"$4.54
Lemons 6S
700 g
7D
4.8
(5.3k)
$0.65/100g","Dairy, Chilled & Eggs",Dairy,2026-04-01,https://www.lazada.sg/products/pdp-i301090791-s527090747.html?fs_ab=2&priceCompare=skuId%3A527090747%3Bsource%3Alazada-search-voucher-other%3Bsn%3Abf1e34f88c358a51c22dfd04385ab5d1%3BoriginPrice%3A454%3BdisplayPrice%3A454%3BsinglePromotionId%3A-1%3BsingleToolCode%3A-1%3BvoucherPricePlugin%3A0%3Btimestamp%3A1775012041416&c=&ratingscore=4.895775172157082&freeshipping=0&channelLpJumpArgs=&fuse_fs=&search=1&sale=366114&price=4.54&review=5297&location=Singapore&stock=1&lang=en&request_id=bf1e34f88c358a51c22dfd04385ab5d1
RedMart,"$4.95
Gold+ Conference Pear (4 PCS)
450 g
5D
4.6
(140)
$1.10/100g","Dairy, Chilled & Eggs",Dairy,2026-04-01,https://www.lazada.sg/products/pdp-i1625027139-s7646766537.html?fs_ab=2&priceCompare=skuId%3A7646766537%3Bsource%3Alazada-search-voucher-other%3Bsn%3Abf1e34f88c358a51c22dfd04385ab5d1%3BoriginPrice%3A495%3BdisplayPrice%3A495%3BsinglePromotionId%3A-1%3BsingleToolCode%3A-1%3BvoucherPricePlugin%3A0%3Btimestamp%3A1775012041416&c=&ratingscore=4.635714285714286&freeshipping=0&channelLpJumpArgs=&fuse_fs=&search=1&sale=9488&price=4.95&review=140&location=Singapore&stock=1&lang=en&request_id=bf1e34f88c358a51c22dfd04385ab5d1
RedMart,"$4.95
Green Seedless Grapes
500 g
4D
4.7
(5.2k)
$0.99/100g","Dairy, Chilled & Eggs",Dairy,2026-04-01,https://www.lazada.sg/products/pdp-i301106827-s527124133.html?fs_ab=2&priceCompare=skuId%3A527124133%3Bsource%3Alazada-search-voucher-other%3Bsn%3Abf1e34f88c358a51c22dfd04385ab5d1%3BoriginPrice%3A495%3BdisplayPrice%3A495%3BsinglePromotionId%3A-1%3BsingleToolCode%3A-1%3BvoucherPricePlugin%3A0%3Btimestamp%3A1775012041416&c=&ratingscore=4.703274087932647&freeshipping=0&channelLpJumpArgs=&fuse_fs=&search=1&sale=393871&price=4.95&review=5153&location=Singapore&stock=1&lang=en&request_id=bf1e34f88c358a51c22dfd04385ab5d1
RedMart,"$4.80
Premium Mutsu Fuji Apples
600 g
5D
4.8
(605)
$0.80/100g","Dairy, Chilled & Eggs",Dairy,2026-04-01,https://www.lazada.sg/products/pdp-i303362534-s536696941.html?fs_ab=2&priceCompare=skuId%3A536696941%3Bsource%3Alazada-search-voucher-other%3Bsn%3Abf1e34f88c358a51c22dfd04385ab5d1%3BoriginPrice%3A480%3BdisplayPrice%3A480%3BsinglePromotionId%3A-1%3BsingleToolCode%3A-1%3BvoucherPricePlugin%3A0%3Btimestamp%3A1775012041416&c=&ratingscore=4.8826446280991735&freeshipping=0&channelLpJumpArgs=&fuse_fs=&search=1&sale=27612&price=4.8&review=605&location=Singapore&stock=1&lang=en&request_id=bf1e34f88c358a51c22dfd04385ab5d1
RedMart,"SAVE 99¢
$7.96
$8.95
Purespect High Brix Orange Navel Bag
800 g
6D
4.7
(1.1k)
$1.00/100g","Dairy, Chilled & Eggs",Dairy,2026-04-01,https://www.lazada.sg/products/pdp-i614498617-s1812314702.html?fs_ab=2&priceCompare=skuId%3A1812314702%3Bsource%3Alazada-search-voucher-other%3Bsn%3Abf1e34f88c358a51c22dfd04385ab5d1%3BoriginPrice%3A796%3BdisplayPrice%3A796%3BsinglePromotionId%3A91471632297806%3BsingleToolCode%3AsingleBuy%3BvoucherPricePlugin%3A0%3Btimestamp%3A1775012041416&c=&ratingscore=4.739327883742052&freeshipping=0&channelLpJumpArgs=&fuse_fs=&search=1&sale=48282&price=7.96&review=1101&location=Singapore&stock=1&lang=en&request_id=bf1e34f88c358a51c22dfd04385ab5d1
RedMart,"10% OFF
$8.95
$9.95
Large Envy Apple 3S
650 g
4D
4.7
(1.9k)
$1.38/100g","Dairy, Chilled & Eggs",Dairy,2026-04-01,https://www.lazada.sg/products/pdp-i588248295-s1691446361.html?fs_ab=2&priceCompare=skuId%3A1691446361%3Bsource%3Alazada-search-voucher-other%3Bsn%3Abf1e34f88c358a51c22dfd04385ab5d1%3BoriginPrice%3A895%3BdisplayPrice%3A895%3BsinglePromotionId%3A91471632269928%3BsingleToolCode%3AsingleBuy%3BvoucherPricePlugin%3A0%3Btimestamp%3A1775012041416&c=&ratingscore=4.779608650875386&freeshipping=0&channelLpJumpArgs=&fuse_fs=&search=1&sale=134319&price=8.95&review=1942&location=Singapore&stock=1&lang=en&request_id=bf1e34f88c358a51c22dfd04385ab5d1
RedMart,"11% OFF
$4.95
$5.55
Fragrant Pears 6s
800 g
6D
4.8
(2.1k)
$0.62/100g","Dairy, Chilled & Eggs",Dairy,2026-04-01,https://www.lazada.sg/products/pdp-i301128782-s527212647.html?fs_ab=2&priceCompare=skuId%3A527212647%3Bsource%3Alazada-search-voucher-other%3Bsn%3Abf1e34f88c358a51c22dfd04385ab5d1%3BoriginPrice%3A495%3BdisplayPrice%3A495%3BsinglePromotionId%3A91471634867030%3BsingleToolCode%3AflashSale%3BvoucherPricePlugin%3A0%3Btimestamp%3A1775012041416&c=&ratingscore=4.863421550094518&freeshipping=0&channelLpJumpArgs=&fuse_fs=&search=1&sale=89109&price=4.95&review=2116&location=Singapore&stock=1&lang=en&request_id=bf1e34f88c358a51c22dfd04385ab5d1
RedMart,"11% OFF
$4.50
$5.04
Australia Packham Pears
1 kg
12D
4.7
(5.5k)
$0.45/100g","Dairy, Chilled & Eggs",Dairy,2026-04-01,https://www.lazada.sg/products/pdp-i301073000-s527094935.html?fs_ab=2&priceCompare=skuId%3A527094935%3Bsource%3Alazada-search-voucher-other%3Bsn%3Abf1e34f88c358a51c22dfd04385ab5d1%3BoriginPrice%3A450%3BdisplayPrice%3A450%3BsinglePromotionId%3A91471632287877%3BsingleToolCode%3AsingleBuy%3BvoucherPricePlugin%3A0%3Btimestamp%3A1775012041416&c=&ratingscore=4.7914683266202855&freeshipping=0&channelLpJumpArgs=&fuse_fs=&search=1&sale=325321&price=4.5&review=5462&location=Singapore&stock=1&lang=en&request_id=bf1e34f88c358a51c22dfd04385ab5d1
RedMart,"56% OFF
$7.95
$17.95
Huang Mei Ren (黄美人) Yellow Beauty Mandarin Orange 1.5KG Giftbox (8 To 10PCS)
1.5 kg
6D
4.7
(104)
$0.53/100g","Dairy, Chilled & Eggs",Dairy,2026-04-01,https://www.lazada.sg/products/pdp-i3627371054-s23990451931.html?fs_ab=2&priceCompare=skuId%3A23990451931%3Bsource%3Alazada-search-voucher-other%3Bsn%3Abf1e34f88c358a51c22dfd04385ab5d1%3BoriginPrice%3A795%3BdisplayPrice%3A795%3BsinglePromotionId%3A91471632358263%3BsingleToolCode%3AsingleBuy%3BvoucherPricePlugin%3A0%3Btimestamp%3A1775012041416&c=&ratingscore=4.778846153846154&freeshipping=0&channelLpJumpArgs=&fuse_fs=&search=1&sale=2322&price=7.95&review=104&location=Singapore&stock=1&lang=en&request_id=bf1e34f88c358a51c22dfd04385ab5d1
RedMart,"$6.15
Jumbo Navel Oranges
950 g
6D
4.7
(2.1k)
$0.65/100g","Dairy, Chilled & Eggs",Dairy,2026-04-01,https://www.lazada.sg/products/pdp-i301100916-s527118242.html?fs_ab=2&priceCompare=skuId%3A527118242%3Bsource%3Alazada-search-voucher-other%3Bsn%3Abf1e34f88c358a51c22dfd04385ab5d1%3BoriginPrice%3A615%3BdisplayPrice%3A615%3BsinglePromotionId%3A-1%3BsingleToolCode%3A-1%3BvoucherPricePlugin%3A0%3Btimestamp%3A1775012041416&c=&ratingscore=4.751661918328585&freeshipping=0&channelLpJumpArgs=&fuse_fs=&search=1&sale=124412&price=6.15&review=2106&location=Singapore&stock=1&lang=en&request_id=bf1e34f88c358a51c22dfd04385ab5d1
RedMart,"$2.87
Red Dragonfruit 380G
380 g
2D
4.7
(3.2k)
$0.76/100g","Dairy, Chilled & Eggs",Dairy,2026-04-01,https://www.lazada.sg/products/pdp-i945978632-s3357702746.html?fs_ab=2&priceCompare=skuId%3A3357702746%3Bsource%3Alazada-search-voucher-other%3Bsn%3Abf1e34f88c358a51c22dfd04385ab5d1%3BoriginPrice%3A287%3BdisplayPrice%3A287%3BsinglePromotionId%3A-1%3BsingleToolCode%3A-1%3BvoucherPricePlugin%3A0%3Btimestamp%3A1775012041416&c=&ratingscore=4.795305164319249&freeshipping=0&channelLpJumpArgs=&fuse_fs=&search=1&sale=183784&price=2.87&review=3194&location=Singapore&stock=1&lang=en&request_id=bf1e34f88c358a51c22dfd04385ab5d1
RedMart,"10% OFF
$4.86
$5.40
Queen Apple
700 g
4D
4.7
(134)
$0.69/100g","Dairy, Chilled & Eggs",Dairy,2026-04-01,https://www.lazada.sg/products/pdp-i2462186054-s14646337251.html?fs_ab=2&priceCompare=skuId%3A14646337251%3Bsource%3Alazada-search-voucher-other%3Bsn%3Abf1e34f88c358a51c22dfd04385ab5d1%3BoriginPrice%3A486%3BdisplayPrice%3A486%3BsinglePromotionId%3A91471632269928%3BsingleToolCode%3AsingleBuy%3BvoucherPricePlugin%3A0%3Btimestamp%3A1775012041416&c=&ratingscore=4.798507462686567&freeshipping=0&channelLpJumpArgs=&fuse_fs=&search=1&sale=5707&price=4.86&review=134&location=Singapore&stock=1&lang=en&request_id=bf1e34f88c358a51c22dfd04385ab5d1
RedMart,"11% OFF
$4.95
$5.55
RedMart Royal Gala Apples
1 kg
8D
4.7
(5k)
$0.50/100g","Dairy, Chilled & Eggs",Dairy,2026-04-01,https://www.lazada.sg/products/pdp-i721458741-s2285376878.html?fs_ab=2&priceCompare=skuId%3A2285376878%3Bsource%3Alazada-search-voucher-other%3Bsn%3Abf1e34f88c358a51c22dfd04385ab5d1%3BoriginPrice%3A495%3BdisplayPrice%3A495%3BsinglePromotionId%3A91471632352851%3BsingleToolCode%3AsingleBuy%3BvoucherPricePlugin%3A0%3Btimestamp%3A1775012041416&c=&ratingscore=4.797678607164299&freeshipping=0&channelLpJumpArgs=&fuse_fs=&search=1&sale=238906&price=4.95&review=4997&location=Singapore&stock=1&lang=en&request_id=bf1e34f88c358a51c22dfd04385ab5d1
RedMart,"11% OFF
$5.20
$5.85
RedMart Organic Royal Gala Apples
500 g
6D
4.7
(1.6k)
$1.04/100g","Dairy, Chilled & Eggs",Dairy,2026-04-01,https://www.lazada.sg/products/pdp-i721442990-s2285408425.html?fs_ab=2&priceCompare=skuId%3A2285408425%3Bsource%3Alazada-search-voucher-other%3Bsn%3Abf1e34f88c358a51c22dfd04385ab5d1%3BoriginPrice%3A520%3BdisplayPrice%3A520%3BsinglePromotionId%3A91471632326889%3BsingleToolCode%3AsingleBuy%3BvoucherPricePlugin%3A0%3Btimestamp%3A1775012041416&c=&ratingscore=4.777639751552795&freeshipping=0&channelLpJumpArgs=&fuse_fs=&search=1&sale=138182&price=5.2&review=1610&location=Singapore&stock=1&lang=en&request_id=bf1e34f88c358a51c22dfd04385ab5d1
RedMart,"$2.90
Sumifru Premium Kamsookwang Pineapple
1.2 kg
3D
4.6
(3.2k)
$0.24/100g","Dairy, Chilled & Eggs",Dairy,2026-04-01,https://www.lazada.sg/products/pdp-i304094411-s538238251.html?fs_ab=2&priceCompare=skuId%3A538238251%3Bsource%3Alazada-search-voucher-other%3Bsn%3Abf1e34f88c358a51c22dfd04385ab5d1%3BoriginPrice%3A290%3BdisplayPrice%3A290%3BsinglePromotionId%3A-1%3BsingleToolCode%3A-1%3BvoucherPricePlugin%3A0%3Btimestamp%3A1775012041416&c=&ratingscore=4.671245707149548&freeshipping=0&channelLpJumpArgs=&fuse_fs=&search=1&sale=144581&price=2.9&review=3203&location=Singapore&stock=1&lang=en&request_id=bf1e34f88c358a51c22dfd04385ab5d1
RedMart,"SAVE $3.00
$6.95
$9.95
Sunkist Cara Cara Orange Fruit
800 g
4D
4.8
(196)
$0.87/100g","Dairy, Chilled & Eggs",Dairy,2026-04-01,https://www.lazada.sg/products/pdp-i304142345-s538320507.html?fs_ab=2&priceCompare=skuId%3A538320507%3Bsource%3Alazada-search-voucher-other%3Bsn%3A8bbc09916156c0c231558665ad320641%3BoriginPrice%3A695%3BdisplayPrice%3A695%3BsinglePromotionId%3A91471634867030%3BsingleToolCode%3AflashSale%3BvoucherPricePlugin%3A0%3Btimestamp%3A1775012051850&c=&ratingscore=4.836734693877551&freeshipping=0&channelLpJumpArgs=&fuse_fs=&search=1&sale=8115&price=6.95&review=196&location=Singapore&stock=1&lang=en&request_id=8bbc09916156c0c231558665ad320641
RedMart,"Buy 3 For $5.95
$3.95
Thai Honey Mango HoneyBee
280 g
2D
4.4
(2.1k)
$1.41/100g","Dairy, Chilled & Eggs",Dairy,2026-04-01,https://www.lazada.sg/products/pdp-i304950716-s541050645.html?fs_ab=2&priceCompare=skuId%3A541050645%3Bsource%3Alazada-search-voucher-other%3Bsn%3A8bbc09916156c0c231558665ad320641%3BoriginPrice%3A395%3BdisplayPrice%3A395%3BsinglePromotionId%3A-1%3BsingleToolCode%3A-1%3BvoucherPricePlugin%3A0%3Btimestamp%3A1775012051850&c=&ratingscore=4.461281070745698&freeshipping=0&channelLpJumpArgs=&fuse_fs=&search=1&sale=202042&price=3.95&review=2092&location=Singapore&stock=1&lang=en&request_id=8bbc09916156c0c231558665ad320641
RedMart,"Any 2 For $12.9
$7.45
Driscoll's Blackberries 125G
125 g
3D
4.8
(505)
$5.96/100g","Dairy, Chilled & Eggs",Dairy,2026-04-01,https://www.lazada.sg/products/pdp-i303368240-s536720117.html?fs_ab=2&priceCompare=skuId%3A536720117%3Bsource%3Alazada-search-voucher-other%3Bsn%3A8bbc09916156c0c231558665ad320641%3BoriginPrice%3A745%3BdisplayPrice%3A745%3BsinglePromotionId%3A-1%3BsingleToolCode%3A-1%3BvoucherPricePlugin%3A0%3Btimestamp%3A1775012051850&c=&ratingscore=4.857425742574257&freeshipping=0&channelLpJumpArgs=&fuse_fs=&search=1&sale=32994&price=7.45&review=505&location=Singapore&stock=1&lang=en&request_id=8bbc09916156c0c231558665ad320641
RedMart,"12% OFF
$3.95
$4.50
RedMart Easy Peel Mandarin
500 g
4D
4.7
(6.2k)
$0.79/100g","Dairy, Chilled & Eggs",Dairy,2026-04-01,https://www.lazada.sg/products/pdp-i1142960678-s4461922707.html?fs_ab=2&priceCompare=skuId%3A4461922707%3Bsource%3Alazada-search-voucher-other%3Bsn%3A8bbc09916156c0c231558665ad320641%3BoriginPrice%3A395%3BdisplayPrice%3A395%3BsinglePromotionId%3A91471632350755%3BsingleToolCode%3AsingleBuy%3BvoucherPricePlugin%3A0%3Btimestamp%3A1775012051850&c=&ratingscore=4.787524366471735&freeshipping=0&channelLpJumpArgs=&fuse_fs=&search=1&sale=339209&price=3.95&review=6156&location=Singapore&stock=1&lang=en&request_id=8bbc09916156c0c231558665ad320641
RedMart,"37% OFF
$6.95
$10.95
RedMart Korean Strawberries
250 g
3D
4.8
(1.1k)
$2.78/100g","Dairy, Chilled & Eggs",Dairy,2026-04-01,https://www.lazada.sg/products/pdp-i303638004-s537286202.html?fs_ab=2&priceCompare=skuId%3A537286202%3Bsource%3Alazada-search-voucher-other%3Bsn%3A8bbc09916156c0c231558665ad320641%3BoriginPrice%3A695%3BdisplayPrice%3A695%3BsinglePromotionId%3A91471632261925%3BsingleToolCode%3AsingleBuy%3BvoucherPricePlugin%3A0%3Btimestamp%3A1775012051850&c=&ratingscore=4.867924528301887&freeshipping=0&channelLpJumpArgs=&fuse_fs=&search=1&sale=89940&price=6.95&review=1113&location=Singapore&stock=1&lang=en&request_id=8bbc09916156c0c231558665ad320641
RedMart,"10% OFF
$3.46
$3.85
RedMart Valencia Oranges
1 kg
4D
4.8
(9.5k)
$0.35/100g","Dairy, Chilled & Eggs",Dairy,2026-04-01,https://www.lazada.sg/products/pdp-i301106821-s527124124.html?fs_ab=2&priceCompare=skuId%3A527124124%3Bsource%3Alazada-search-voucher-other%3Bsn%3A8bbc09916156c0c231558665ad320641%3BoriginPrice%3A346%3BdisplayPrice%3A346%3BsinglePromotionId%3A91471632293833%3BsingleToolCode%3AsingleBuy%3BvoucherPricePlugin%3A0%3Btimestamp%3A1775012051850&c=&ratingscore=4.8222974402369365&freeshipping=0&channelLpJumpArgs=&fuse_fs=&search=1&sale=553083&price=3.46&review=9454&location=Singapore&stock=1&lang=en&request_id=8bbc09916156c0c231558665ad320641
RedMart,"SAVE $7.99
$9.96
$17.95
Premium Korean Strawberries 330 G
330 g
3D
4.8
(499)
$3.02/100g","Dairy, Chilled & Eggs",Dairy,2026-04-01,https://www.lazada.sg/products/pdp-i303234617-s536556269.html?fs_ab=2&priceCompare=skuId%3A536556269%3Bsource%3Alazada-search-voucher-other%3Bsn%3A8bbc09916156c0c231558665ad320641%3BoriginPrice%3A996%3BdisplayPrice%3A996%3BsinglePromotionId%3A91471729011218%3BsingleToolCode%3AsingleBuy%3BvoucherPricePlugin%3A0%3Btimestamp%3A1775012051850&c=&ratingscore=4.811623246492986&freeshipping=0&channelLpJumpArgs=&fuse_fs=&search=1&sale=27199&price=9.96&review=499&location=Singapore&stock=1&lang=en&request_id=8bbc09916156c0c231558665ad320641
RedMart,"Buy 2 For $8.95
$6.95
Driscoll's Premium Select Jumbo Blueberries 125g
125 g
2D
4.9
(2.6k)
$5.56/100g","Dairy, Chilled & Eggs",Dairy,2026-04-01,https://www.lazada.sg/products/pdp-i2740514363-s18577153162.html?fs_ab=2&priceCompare=skuId%3A18577153162%3Bsource%3Alazada-search-voucher-other%3Bsn%3A8bbc09916156c0c231558665ad320641%3BoriginPrice%3A695%3BdisplayPrice%3A695%3BsinglePromotionId%3A-1%3BsingleToolCode%3A-1%3BvoucherPricePlugin%3A0%3Btimestamp%3A1775012051850&c=&ratingscore=4.910086890819796&freeshipping=0&channelLpJumpArgs=&fuse_fs=&search=1&sale=194210&price=6.95&review=2647&location=Singapore&stock=1&lang=en&request_id=8bbc09916156c0c231558665ad320641
RedMart,"SAVE $1.34
$7.61
$8.95
Organic Fuji Apple
1 kg
5D
4.9
(360)
$0.76/100g","Dairy, Chilled & Eggs",Dairy,2026-04-01,https://www.lazada.sg/products/pdp-i520084174-s1455022568.html?fs_ab=2&priceCompare=skuId%3A1455022568%3Bsource%3Alazada-search-voucher-other%3Bsn%3A8bbc09916156c0c231558665ad320641%3BoriginPrice%3A761%3BdisplayPrice%3A761%3BsinglePromotionId%3A91471634867030%3BsingleToolCode%3AflashSale%3BvoucherPricePlugin%3A0%3Btimestamp%3A1775012051850&c=&ratingscore=4.9&freeshipping=0&channelLpJumpArgs=&fuse_fs=&search=1&sale=23801&price=7.61&review=360&location=Singapore&stock=1&lang=en&request_id=8bbc09916156c0c231558665ad320641
RedMart,"10% OFF
$3.46
$3.85
RedMart Red Apple
600 g
8D
4.7
(3.7k)
$0.58/100g","Dairy, Chilled & Eggs",Dairy,2026-04-01,https://www.lazada.sg/products/pdp-i303648503-s537308432.html?fs_ab=2&priceCompare=skuId%3A537308432%3Bsource%3Alazada-search-voucher-other%3Bsn%3A8bbc09916156c0c231558665ad320641%3BoriginPrice%3A346%3BdisplayPrice%3A346%3BsinglePromotionId%3A91471729007187%3BsingleToolCode%3AsingleBuy%3BvoucherPricePlugin%3A0%3Btimestamp%3A1775012051850&c=&ratingscore=4.765229110512129&freeshipping=0&channelLpJumpArgs=&fuse_fs=&search=1&sale=211452&price=3.46&review=3710&location=Singapore&stock=1&lang=en&request_id=8bbc09916156c0c231558665ad320641
RedMart,"SAVE $1.20
$2.30
$3.50
Susu Mango
250 g
2D
4.7
(589)
$0.92/100g","Dairy, Chilled & Eggs",Dairy,2026-04-01,https://www.lazada.sg/products/pdp-i2625431082-s16694655317.html?fs_ab=2&priceCompare=skuId%3A16694655317%3Bsource%3Alazada-search-voucher-other%3Bsn%3A8bbc09916156c0c231558665ad320641%3BoriginPrice%3A230%3BdisplayPrice%3A230%3BsinglePromotionId%3A91471632335877%3BsingleToolCode%3AsingleBuy%3BvoucherPricePlugin%3A0%3Btimestamp%3A1775012051850&c=&ratingscore=4.748726655348047&freeshipping=0&channelLpJumpArgs=&fuse_fs=&search=1&sale=27391&price=2.3&review=589&location=Singapore&stock=1&lang=en&request_id=8bbc09916156c0c231558665ad320641
RedMart,"34% OFF
$8.51
$12.95
RedMart Green Seedless Grapes (Airflown) Australia/USA
500 g
3D
4.6
(1.3k)
$1.70/100g","Dairy, Chilled & Eggs",Dairy,2026-04-01,https://www.lazada.sg/products/pdp-i1180264698-s4696294810.html?fs_ab=2&priceCompare=skuId%3A4696294810%3Bsource%3Alazada-search-voucher-other%3Bsn%3A8bbc09916156c0c231558665ad320641%3BoriginPrice%3A851%3BdisplayPrice%3A851%3BsinglePromotionId%3A91471727676726%3BsingleToolCode%3AsingleBuy%3BvoucherPricePlugin%3A0%3Btimestamp%3A1775012051850&c=&ratingscore=4.652434456928839&freeshipping=0&channelLpJumpArgs=&fuse_fs=&search=1&sale=86867&price=8.51&review=1335&location=Singapore&stock=1&lang=en&request_id=8bbc09916156c0c231558665ad320641
RedMart,"7% OFF
$6.95
$7.50
Sunkist Minneola Tangelo Orange
750 g
3D
4.8
(198)
$0.93/100g","Dairy, Chilled & Eggs",Dairy,2026-04-01,https://www.lazada.sg/products/pdp-i305026334-s541096594.html?fs_ab=2&priceCompare=skuId%3A541096594%3Bsource%3Alazada-search-voucher-other%3Bsn%3A8bbc09916156c0c231558665ad320641%3BoriginPrice%3A695%3BdisplayPrice%3A695%3BsinglePromotionId%3A91471632345845%3BsingleToolCode%3AsingleBuy%3BvoucherPricePlugin%3A0%3Btimestamp%3A1775012051850&c=&ratingscore=4.838383838383838&freeshipping=0&channelLpJumpArgs=&fuse_fs=&search=1&sale=4693&price=6.95&review=198&location=Singapore&stock=1&lang=en&request_id=8bbc09916156c0c231558665ad320641
RedMart,"56% OFF
$7.95
$17.95
Huang Mei Ren (黄美人) Yellow Beauty Mandarin Orange 1.5KG Giftbox (8 To 10PCS)
1.5 kg
6D
4.7
(104)
$0.53/100g","Dairy, Chilled & Eggs",Dairy,2026-04-01,https://www.lazada.sg/products/pdp-i3627371054-s23990451931.html?fs_ab=2&priceCompare=skuId%3A23990451931%3Bsource%3Alazada-search-voucher-other%3Bsn%3A8bbc09916156c0c231558665ad320641%3BoriginPrice%3A795%3BdisplayPrice%3A795%3BsinglePromotionId%3A91471632358263%3BsingleToolCode%3AsingleBuy%3BvoucherPricePlugin%3A0%3Btimestamp%3A1775012051850&c=&ratingscore=4.778846153846154&freeshipping=0&channelLpJumpArgs=&fuse_fs=&search=1&sale=2322&price=7.95&review=104&location=Singapore&stock=1&lang=en&request_id=8bbc09916156c0c231558665ad320641
RedMart,"6% OFF
$2.20
$2.35
Candy Apple
500 g
5D
4.8
(3.3k)
$0.44/100g","Dairy, Chilled & Eggs",Dairy,2026-04-01,https://www.lazada.sg/products/pdp-i304240132-s538424480.html?fs_ab=2&priceCompare=skuId%3A538424480%3Bsource%3Alazada-search-voucher-other%3Bsn%3A8bbc09916156c0c231558665ad320641%3BoriginPrice%3A220%3BdisplayPrice%3A220%3BsinglePromotionId%3A91471632256936%3BsingleToolCode%3AsingleBuy%3BvoucherPricePlugin%3A0%3Btimestamp%3A1775012051850&c=&ratingscore=4.858834244080145&freeshipping=0&channelLpJumpArgs=&fuse_fs=&search=1&sale=124091&price=2.2&review=3294&location=Singapore&stock=1&lang=en&request_id=8bbc09916156c0c231558665ad320641
RedMart,"11% OFF
$7.96
$8.95
Mexico/USA Hass Avocado 4 pcs (Airflown)
450 g
4D
4.6
(4.2k)
$1.77/100g","Dairy, Chilled & Eggs",Dairy,2026-04-01,https://www.lazada.sg/products/pdp-i301100809-s527084959.html?fs_ab=2&priceCompare=skuId%3A527084959%3Bsource%3Alazada-search-voucher-other%3Bsn%3A8bbc09916156c0c231558665ad320641%3BoriginPrice%3A796%3BdisplayPrice%3A796%3BsinglePromotionId%3A91471630954049%3BsingleToolCode%3AsingleBuy%3BvoucherPricePlugin%3A0%3Btimestamp%3A1775012051850&c=&ratingscore=4.637910659418577&freeshipping=0&channelLpJumpArgs=&fuse_fs=&search=1&sale=325687&price=7.96&review=4231&location=Singapore&stock=1&lang=en&request_id=8bbc09916156c0c231558665ad320641
RedMart,"15% OFF
$10.96
$12.95
White Strawberry
250 g
3D
5.0
(8)
$4.38/100g","Dairy, Chilled & Eggs",Dairy,2026-04-01,https://www.lazada.sg/products/pdp-i2638110018-s16851350280.html?fs_ab=2&priceCompare=skuId%3A16851350280%3Bsource%3Alazada-search-voucher-other%3Bsn%3A8bbc09916156c0c231558665ad320641%3BoriginPrice%3A1096%3BdisplayPrice%3A1096%3BsinglePromotionId%3A91471632286878%3BsingleToolCode%3AsingleBuy%3BvoucherPricePlugin%3A0%3Btimestamp%3A1775012051850&c=&ratingscore=5.0&freeshipping=0&channelLpJumpArgs=&fuse_fs=&search=1&sale=573&price=10.96&review=8&location=Singapore&stock=1&lang=en&request_id=8bbc09916156c0c231558665ad320641
RedMart,"$4.54
Lemons 6S
700 g
7D
4.8
(5.3k)
$0.65/100g","Dairy, Chilled & Eggs",Dairy,2026-04-01,https://www.lazada.sg/products/pdp-i301090791-s527090747.html?fs_ab=2&priceCompare=skuId%3A527090747%3Bsource%3Alazada-search-voucher-other%3Bsn%3A8bbc09916156c0c231558665ad320641%3BoriginPrice%3A454%3BdisplayPrice%3A454%3BsinglePromotionId%3A-1%3BsingleToolCode%3A-1%3BvoucherPricePlugin%3A0%3Btimestamp%3A1775012051850&c=&ratingscore=4.895775172157082&freeshipping=0&channelLpJumpArgs=&fuse_fs=&search=1&sale=366114&price=4.54&review=5297&location=Singapore&stock=1&lang=en&request_id=8bbc09916156c0c231558665ad320641
RedMart,"12% OFF
$3.96
$4.50
Sumifru Banana Sweet Mountain Bananas
820 g
3D
4.8
(5.1k)
$0.48/100g","Dairy, Chilled & Eggs",Dairy,2026-04-01,https://www.lazada.sg/products/pdp-i395146723-s952382623.html?fs_ab=2&priceCompare=skuId%3A952382623%3Bsource%3Alazada-search-voucher-other%3Bsn%3A8bbc09916156c0c231558665ad320641%3BoriginPrice%3A396%3BdisplayPrice%3A396%3BsinglePromotionId%3A91471598412249%3BsingleToolCode%3AsingleBuy%3BvoucherPricePlugin%3A0%3Btimestamp%3A1775012051850&c=&ratingscore=4.82813109637144&freeshipping=0&channelLpJumpArgs=&fuse_fs=&search=1&sale=259371&price=3.96&review=5125&location=Singapore&stock=1&lang=en&request_id=8bbc09916156c0c231558665ad320641
RedMart,"10% OFF
$6.25
$6.95
RedMart Pink Lady Apples
1 kg
6D
4.6
(1.4k)
$0.63/100g","Dairy, Chilled & Eggs",Dairy,2026-04-01,https://www.lazada.sg/products/pdp-i303974837-s538082891.html?fs_ab=2&priceCompare=skuId%3A538082891%3Bsource%3Alazada-search-voucher-other%3Bsn%3A8bbc09916156c0c231558665ad320641%3BoriginPrice%3A625%3BdisplayPrice%3A625%3BsinglePromotionId%3A91471632269928%3BsingleToolCode%3AsingleBuy%3BvoucherPricePlugin%3A0%3Btimestamp%3A1775012051850&c=&ratingscore=4.637660485021398&freeshipping=0&channelLpJumpArgs=&fuse_fs=&search=1&sale=127671&price=6.25&review=1402&location=Singapore&stock=1&lang=en&request_id=8bbc09916156c0c231558665ad320641
RedMart,"SAVE 76¢
$3.04
$3.80
RedMart Green Apples
600 g
8D
4.8
(2.6k)
$0.51/100g","Dairy, Chilled & Eggs",Dairy,2026-04-01,https://www.lazada.sg/products/pdp-i303654320-s537320284.html?fs_ab=2&priceCompare=skuId%3A537320284%3Bsource%3Alazada-search-voucher-other%3Bsn%3A8bbc09916156c0c231558665ad320641%3BoriginPrice%3A304%3BdisplayPrice%3A304%3BsinglePromotionId%3A91471634867030%3BsingleToolCode%3AflashSale%3BvoucherPricePlugin%3A0%3Btimestamp%3A1775012051850&c=&ratingscore=4.8478344193177465&freeshipping=0&channelLpJumpArgs=&fuse_fs=&search=1&sale=148864&price=3.04&review=2609&location=Singapore&stock=1&lang=en&request_id=8bbc09916156c0c231558665ad320641
RedMart,"50% OFF
$19.95
$39.90
Mao Shan Wang Fresh Durian 400G
400 g
3D
4.2
(467)
$4.99/100g","Dairy, Chilled & Eggs",Dairy,2026-04-01,https://www.lazada.sg/products/pdp-i1846617087-s9841802025.html?fs_ab=2&priceCompare=skuId%3A9841802025%3Bsource%3Alazada-search-voucher-other%3Bsn%3A8bbc09916156c0c231558665ad320641%3BoriginPrice%3A1995%3BdisplayPrice%3A1995%3BsinglePromotionId%3A91471632375022%3BsingleToolCode%3AsingleBuy%3BvoucherPricePlugin%3A0%3Btimestamp%3A1775012051850&c=&ratingscore=4.23982869379015&freeshipping=0&channelLpJumpArgs=&fuse_fs=&search=1&sale=6978&price=19.95&review=467&location=Singapore&stock=1&lang=en&request_id=8bbc09916156c0c231558665ad320641
RedMart,"SAVE 89¢
$8.06
$8.95
Australia Persimmon
330 g
4D
4.7
(326)
$2.44/100g","Dairy, Chilled & Eggs",Dairy,2026-04-01,https://www.lazada.sg/products/pdp-i2009341185-s10928812410.html?fs_ab=2&priceCompare=skuId%3A10928812410%3Bsource%3Alazada-search-voucher-other%3Bsn%3A8bbc09916156c0c231558665ad320641%3BoriginPrice%3A806%3BdisplayPrice%3A806%3BsinglePromotionId%3A91471632256935%3BsingleToolCode%3AsingleBuy%3BvoucherPricePlugin%3A0%3Btimestamp%3A1775012051850&c=&ratingscore=4.748466257668712&freeshipping=0&channelLpJumpArgs=&fuse_fs=&search=1&sale=13725&price=8.06&review=326&location=Singapore&stock=1&lang=en&request_id=8bbc09916156c0c231558665ad320641
RedMart,"11% OFF
$4.50
$5.04
Australia Packham Pears
1 kg
12D
4.7
(5.5k)
$0.45/100g","Dairy, Chilled & Eggs",Dairy,2026-04-01,https://www.lazada.sg/products/pdp-i301073000-s527094935.html?fs_ab=2&priceCompare=skuId%3A527094935%3Bsource%3Alazada-search-voucher-other%3Bsn%3A8bbc09916156c0c231558665ad320641%3BoriginPrice%3A450%3BdisplayPrice%3A450%3BsinglePromotionId%3A91471632287877%3BsingleToolCode%3AsingleBuy%3BvoucherPricePlugin%3A0%3Btimestamp%3A1775012051850&c=&ratingscore=4.7914683266202855&freeshipping=0&channelLpJumpArgs=&fuse_fs=&search=1&sale=325321&price=4.5&review=5462&location=Singapore&stock=1&lang=en&request_id=8bbc09916156c0c231558665ad320641
RedMart,"$4.25
Sunpride Honey Pineapples
1.4 kg
8D
4.7
(2.3k)
$0.30/100g","Dairy, Chilled & Eggs",Dairy,2026-04-01,https://www.lazada.sg/products/pdp-i301078942-s527100903.html?fs_ab=2&priceCompare=skuId%3A527100903%3Bsource%3Alazada-search-voucher-other%3Bsn%3A8bbc09916156c0c231558665ad320641%3BoriginPrice%3A425%3BdisplayPrice%3A425%3BsinglePromotionId%3A-1%3BsingleToolCode%3A-1%3BvoucherPricePlugin%3A0%3Btimestamp%3A1775012051850&c=&ratingscore=4.743237250554324&freeshipping=0&channelLpJumpArgs=&fuse_fs=&search=1&sale=120748&price=4.25&review=2255&location=Singapore&stock=1&lang=en&request_id=8bbc09916156c0c231558665ad320641
RedMart,"10% OFF
$8.95
$9.95
Large Envy Apple 3S
650 g
4D
4.7
(1.9k)
$1.38/100g","Dairy, Chilled & Eggs",Dairy,2026-04-01,https://www.lazada.sg/products/pdp-i588248295-s1691446361.html?fs_ab=2&priceCompare=skuId%3A1691446361%3Bsource%3Alazada-search-voucher-other%3Bsn%3A8bbc09916156c0c231558665ad320641%3BoriginPrice%3A895%3BdisplayPrice%3A895%3BsinglePromotionId%3A91471632269928%3BsingleToolCode%3AsingleBuy%3BvoucherPricePlugin%3A0%3Btimestamp%3A1775012051850&c=&ratingscore=4.779608650875386&freeshipping=0&channelLpJumpArgs=&fuse_fs=&search=1&sale=134319&price=8.95&review=1942&location=Singapore&stock=1&lang=en&request_id=8bbc09916156c0c231558665ad320641
RedMart,"$4.80
Premium Mutsu Fuji Apples
600 g
5D
4.8
(605)
$0.80/100g","Dairy, Chilled & Eggs",Dairy,2026-04-01,https://www.lazada.sg/products/pdp-i303362534-s536696941.html?fs_ab=2&priceCompare=skuId%3A536696941%3Bsource%3Alazada-search-voucher-other%3Bsn%3A8bbc09916156c0c231558665ad320641%3BoriginPrice%3A480%3BdisplayPrice%3A480%3BsinglePromotionId%3A-1%3BsingleToolCode%3A-1%3BvoucherPricePlugin%3A0%3Btimestamp%3A1775012051850&c=&ratingscore=4.8826446280991735&freeshipping=0&channelLpJumpArgs=&fuse_fs=&search=1&sale=27612&price=4.8&review=605&location=Singapore&stock=1&lang=en&request_id=8bbc09916156c0c231558665ad320641
RedMart,"11% OFF
$4.95
$5.55
RedMart Royal Gala Apples
1 kg
8D
4.7
(5k)
$0.50/100g","Dairy, Chilled & Eggs",Dairy,2026-04-01,https://www.lazada.sg/products/pdp-i721458741-s2285376878.html?fs_ab=2&priceCompare=skuId%3A2285376878%3Bsource%3Alazada-search-voucher-other%3Bsn%3A8bbc09916156c0c231558665ad320641%3BoriginPrice%3A495%3BdisplayPrice%3A495%3BsinglePromotionId%3A91471632352851%3BsingleToolCode%3AsingleBuy%3BvoucherPricePlugin%3A0%3Btimestamp%3A1775012051850&c=&ratingscore=4.797678607164299&freeshipping=0&channelLpJumpArgs=&fuse_fs=&search=1&sale=238906&price=4.95&review=4997&location=Singapore&stock=1&lang=en&request_id=8bbc09916156c0c231558665ad320641
RedMart,"11% OFF
$4.95
$5.55
Fragrant Pears 6s
800 g
6D
4.8
(2.1k)
$0.62/100g","Dairy, Chilled & Eggs",Dairy,2026-04-01,https://www.lazada.sg/products/pdp-i301128782-s527212647.html?fs_ab=2&priceCompare=skuId%3A527212647%3Bsource%3Alazada-search-voucher-other%3Bsn%3A8bbc09916156c0c231558665ad320641%3BoriginPrice%3A495%3BdisplayPrice%3A495%3BsinglePromotionId%3A91471634867030%3BsingleToolCode%3AflashSale%3BvoucherPricePlugin%3A0%3Btimestamp%3A1775012051850&c=&ratingscore=4.863421550094518&freeshipping=0&channelLpJumpArgs=&fuse_fs=&search=1&sale=89109&price=4.95&review=2116&location=Singapore&stock=1&lang=en&request_id=8bbc09916156c0c231558665ad320641
RedMart,"$4.95
Green Seedless Grapes
500 g
4D
4.7
(5.2k)
$0.99/100g","Dairy, Chilled & Eggs",Dairy,2026-04-01,https://www.lazada.sg/products/pdp-i301106827-s527124133.html?fs_ab=2&priceCompare=skuId%3A527124133%3Bsource%3Alazada-search-voucher-other%3Bsn%3A8bbc09916156c0c231558665ad320641%3BoriginPrice%3A495%3BdisplayPrice%3A495%3BsinglePromotionId%3A-1%3BsingleToolCode%3A-1%3BvoucherPricePlugin%3A0%3Btimestamp%3A1775012051850&c=&ratingscore=4.703274087932647&freeshipping=0&channelLpJumpArgs=&fuse_fs=&search=1&sale=393871&price=4.95&review=5153&location=Singapore&stock=1&lang=en&request_id=8bbc09916156c0c231558665ad320641
RedMart,"$6.95
Fresh Figs 160G
160 g
3D
4.7
(641)
$4.34/100g","Dairy, Chilled & Eggs",Dairy,2026-04-01,https://www.lazada.sg/products/pdp-i304244959-s538456854.html?fs_ab=2&priceCompare=skuId%3A538456854%3Bsource%3Alazada-search-voucher-other%3Bsn%3A8bbc09916156c0c231558665ad320641%3BoriginPrice%3A695%3BdisplayPrice%3A695%3BsinglePromotionId%3A-1%3BsingleToolCode%3A-1%3BvoucherPricePlugin%3A0%3Btimestamp%3A1775012051850&c=&ratingscore=4.714508580343214&freeshipping=0&channelLpJumpArgs=&fuse_fs=&search=1&sale=35844&price=6.95&review=641&location=Singapore&stock=1&lang=en&request_id=8bbc09916156c0c231558665ad320641
RedMart,"$3.53
Large Fuji Apples 4s
4 Per Pack
8D
4.7
(4.9k)
$0.88/pc","Dairy, Chilled & Eggs",Dairy,2026-04-01,https://www.lazada.sg/products/pdp-i301086879-s527108351.html?fs_ab=2&priceCompare=skuId%3A527108351%3Bsource%3Alazada-search-voucher-other%3Bsn%3A8bbc09916156c0c231558665ad320641%3BoriginPrice%3A353%3BdisplayPrice%3A353%3BsinglePromotionId%3A-1%3BsingleToolCode%3A-1%3BvoucherPricePlugin%3A0%3Btimestamp%3A1775012051850&c=&ratingscore=4.723583934088569&freeshipping=0&channelLpJumpArgs=&fuse_fs=&search=1&sale=256499&price=3.53&review=4855&location=Singapore&stock=1&lang=en&request_id=8bbc09916156c0c231558665ad320641
RedMart,"$5.90
Honeydew Melon
1500 g
3D
4.5
(1.8k)
$0.39/100g","Dairy, Chilled & Eggs",Dairy,2026-04-01,https://www.lazada.sg/products/pdp-i303232772-s536566348.html?fs_ab=2&priceCompare=skuId%3A536566348%3Bsource%3Alazada-search-voucher-other%3Bsn%3A8bbc09916156c0c231558665ad320641%3BoriginPrice%3A590%3BdisplayPrice%3A590%3BsinglePromotionId%3A-1%3BsingleToolCode%3A-1%3BvoucherPricePlugin%3A0%3Btimestamp%3A1775012051850&c=&ratingscore=4.527852893455922&freeshipping=0&channelLpJumpArgs=&fuse_fs=&search=1&sale=74630&price=5.9&review=1849&location=Singapore&stock=1&lang=en&request_id=8bbc09916156c0c231558665ad320641
RedMart,"10% OFF
$4.45
$4.95
Wogan Orah Mandarins 800G
800 g
3D
4.7
(457)
$0.56/100g","Dairy, Chilled & Eggs",Dairy,2026-04-01,https://www.lazada.sg/products/pdp-i1691081157-s8185934531.html?fs_ab=2&priceCompare=skuId%3A8185934531%3Bsource%3Alazada-search-voucher-other%3Bsn%3A8bbc09916156c0c231558665ad320641%3BoriginPrice%3A445%3BdisplayPrice%3A445%3BsinglePromotionId%3A91471632371101%3BsingleToolCode%3AsingleBuy%3BvoucherPricePlugin%3A0%3Btimestamp%3A1775012051850&c=&ratingscore=4.728665207877461&freeshipping=0&channelLpJumpArgs=&fuse_fs=&search=1&sale=15689&price=4.45&review=457&location=Singapore&stock=1&lang=en&request_id=8bbc09916156c0c231558665ad320641
RedMart,"$6.15
Jumbo Navel Oranges
950 g
6D
4.7
(2.1k)
$0.65/100g","Dairy, Chilled & Eggs",Dairy,2026-04-01,https://www.lazada.sg/products/pdp-i301100916-s527118242.html?fs_ab=2&priceCompare=skuId%3A527118242%3Bsource%3Alazada-search-voucher-other%3Bsn%3A8bbc09916156c0c231558665ad320641%3BoriginPrice%3A615%3BdisplayPrice%3A615%3BsinglePromotionId%3A-1%3BsingleToolCode%3A-1%3BvoucherPricePlugin%3A0%3Btimestamp%3A1775012051850&c=&ratingscore=4.751661918328585&freeshipping=0&channelLpJumpArgs=&fuse_fs=&search=1&sale=124412&price=6.15&review=2106&location=Singapore&stock=1&lang=en&request_id=8bbc09916156c0c231558665ad320641
RedMart,"10% OFF
$3.46
$3.85
Gala Apples 600G
600 g
8D
4.7
(5.2k)
$0.58/100g","Dairy, Chilled & Eggs",Dairy,2026-04-01,https://www.lazada.sg/products/pdp-i301076962-s527122210.html?fs_ab=2&priceCompare=skuId%3A527122210%3Bsource%3Alazada-search-voucher-other%3Bsn%3A8bbc09916156c0c231558665ad320641%3BoriginPrice%3A346%3BdisplayPrice%3A346%3BsinglePromotionId%3A91471728925819%3BsingleToolCode%3AsingleBuy%3BvoucherPricePlugin%3A0%3Btimestamp%3A1775012051850&c=&ratingscore=4.795535546801726&freeshipping=0&channelLpJumpArgs=&fuse_fs=&search=1&sale=352098&price=3.46&review=5150&location=Singapore&stock=1&lang=en&request_id=8bbc09916156c0c231558665ad320641
RedMart,"10% OFF
$3.60
$4.00
RedMart Packham Pear
600 g
8D
4.7
(2.5k)
$0.60/100g","Dairy, Chilled & Eggs",Dairy,2026-04-01,https://www.lazada.sg/products/pdp-i303632649-s537332032.html?fs_ab=2&priceCompare=skuId%3A537332032%3Bsource%3Alazada-search-voucher-other%3Bsn%3A8bbc09916156c0c231558665ad320641%3BoriginPrice%3A360%3BdisplayPrice%3A360%3BsinglePromotionId%3A91471632240965%3BsingleToolCode%3AsingleBuy%3BvoucherPricePlugin%3A0%3Btimestamp%3A1775012051850&c=&ratingscore=4.777733755942948&freeshipping=0&channelLpJumpArgs=&fuse_fs=&search=1&sale=108731&price=3.6&review=2524&location=Singapore&stock=1&lang=en&request_id=8bbc09916156c0c231558665ad320641
RedMart,"SAVE $3.00
$5.95
$8.95
Australia White Peaches
500 g
3D
4.6
(1.1k)
$1.19/100g","Dairy, Chilled & Eggs",Dairy,2026-04-01,https://www.lazada.sg/products/pdp-i351530235-s817622883.html?fs_ab=2&priceCompare=skuId%3A817622883%3Bsource%3Alazada-search-voucher-other%3Bsn%3A8bbc09916156c0c231558665ad320641%3BoriginPrice%3A595%3BdisplayPrice%3A595%3BsinglePromotionId%3A91471728997309%3BsingleToolCode%3AsingleBuy%3BvoucherPricePlugin%3A0%3Btimestamp%3A1775012051850&c=&ratingscore=4.611692844677138&freeshipping=0&channelLpJumpArgs=&fuse_fs=&search=1&sale=56618&price=5.95&review=1146&location=Singapore&stock=1&lang=en&request_id=8bbc09916156c0c231558665ad320641
RedMart,"$3.25
Sunday Lemons 4s
450 g
6D
4.8
(2.8k)
$0.72/100g","Dairy, Chilled & Eggs",Dairy,2026-04-01,https://www.lazada.sg/products/pdp-i303978849-s538132102.html?fs_ab=2&priceCompare=skuId%3A538132102%3Bsource%3Alazada-search-voucher-other%3Bsn%3A8bbc09916156c0c231558665ad320641%3BoriginPrice%3A325%3BdisplayPrice%3A325%3BsinglePromotionId%3A-1%3BsingleToolCode%3A-1%3BvoucherPricePlugin%3A0%3Btimestamp%3A1775012051850&c=&ratingscore=4.8253164556962025&freeshipping=0&channelLpJumpArgs=&fuse_fs=&search=1&sale=155814&price=3.25&review=2765&location=Singapore&stock=1&lang=en&request_id=8bbc09916156c0c231558665ad320641
RedMart,"SAVE 99¢
$7.96
$8.95
Purespect High Brix Orange Navel Bag
800 g
6D
4.7
(1.1k)
$1.00/100g","Dairy, Chilled & Eggs",Dairy,2026-04-01,https://www.lazada.sg/products/pdp-i614498617-s1812314702.html?fs_ab=2&priceCompare=skuId%3A1812314702%3Bsource%3Alazada-search-voucher-other%3Bsn%3A8bbc09916156c0c231558665ad320641%3BoriginPrice%3A796%3BdisplayPrice%3A796%3BsinglePromotionId%3A91471632297806%3BsingleToolCode%3AsingleBuy%3BvoucherPricePlugin%3A0%3Btimestamp%3A1775012051850&c=&ratingscore=4.739327883742052&freeshipping=0&channelLpJumpArgs=&fuse_fs=&search=1&sale=48282&price=7.96&review=1101&location=Singapore&stock=1&lang=en&request_id=8bbc09916156c0c231558665ad320641
RedMart,"Buy 3 For $11.35
$4.10
RedMart Thai Pre-Cut Fresh Coconut
600 g
5D
4.8
(13.4k)
$0.68/100g","Dairy, Chilled & Eggs",Dairy,2026-04-01,https://www.lazada.sg/products/pdp-i304998291-s541098322.html?fs_ab=2&priceCompare=skuId%3A541098322%3Bsource%3Alazada-search-voucher-other%3Bsn%3A234f41c50fe34b836d8c4bfbc13a845b%3BoriginPrice%3A410%3BdisplayPrice%3A410%3BsinglePromotionId%3A-1%3BsingleToolCode%3A-1%3BvoucherPricePlugin%3A0%3Btimestamp%3A1775012061121&c=&ratingscore=4.81333234134365&freeshipping=0&channelLpJumpArgs=&fuse_fs=&search=1&sale=1250066&price=4.1&review=13441&location=Singapore&stock=1&lang=en&request_id=234f41c50fe34b836d8c4bfbc13a845b
RedMart,"10% OFF
$8.96
$9.95
Lollipop Sugar Crunch Plum
500 g
4D
5.0
(3)
$1.79/100g","Dairy, Chilled & Eggs",Dairy,2026-04-01,https://www.lazada.sg/products/pdp-i3023176999-s20633504785.html?fs_ab=2&priceCompare=skuId%3A20633504785%3Bsource%3Alazada-search-voucher-other%3Bsn%3A234f41c50fe34b836d8c4bfbc13a845b%3BoriginPrice%3A896%3BdisplayPrice%3A896%3BsinglePromotionId%3A91471632346801%3BsingleToolCode%3AsingleBuy%3BvoucherPricePlugin%3A0%3Btimestamp%3A1775012061121&c=&ratingscore=5.0&freeshipping=0&channelLpJumpArgs=&fuse_fs=&search=1&sale=151&price=8.96&review=3&location=Singapore&stock=1&lang=en&request_id=234f41c50fe34b836d8c4bfbc13a845b
RedMart,"Buy 2 For $5.95
$4.95
Driscoll's Blueberries 125G
125 g
3D
4.8
(3.1k)
$3.96/100g","Dairy, Chilled & Eggs",Dairy,2026-04-01,https://www.lazada.sg/products/pdp-i2740472678-s18577119187.html?fs_ab=2&priceCompare=skuId%3A18577119187%3Bsource%3Alazada-search-voucher-other%3Bsn%3A234f41c50fe34b836d8c4bfbc13a845b%3BoriginPrice%3A495%3BdisplayPrice%3A495%3BsinglePromotionId%3A-1%3BsingleToolCode%3A-1%3BvoucherPricePlugin%3A0%3Btimestamp%3A1775012061121&c=&ratingscore=4.891988323061953&freeshipping=0&channelLpJumpArgs=&fuse_fs=&search=1&sale=267326&price=4.95&review=3083&location=Singapore&stock=1&lang=en&request_id=234f41c50fe34b836d8c4bfbc13a845b
RedMart,"$12.95
Autumn Crisp Grapes 400G (26mm+) - Airflown
400 g
4D
4.7
(32)
$3.24/100g","Dairy, Chilled & Eggs",Dairy,2026-04-01,https://www.lazada.sg/products/pdp-i3596557538-s23727464766.html?fs_ab=2&priceCompare=skuId%3A23727464766%3Bsource%3Alazada-search-voucher-other%3Bsn%3A234f41c50fe34b836d8c4bfbc13a845b%3BoriginPrice%3A1295%3BdisplayPrice%3A1295%3BsinglePromotionId%3A-1%3BsingleToolCode%3A-1%3BvoucherPricePlugin%3A0%3Btimestamp%3A1775012061121&c=&ratingscore=4.75&freeshipping=0&channelLpJumpArgs=&fuse_fs=&search=1&sale=1791&price=12.95&review=32&location=Singapore&stock=1&lang=en&request_id=234f41c50fe34b836d8c4bfbc13a845b
RedMart,"10% OFF
$5.35
$5.95
Envy Apple 2s
450 g
4D
4.9
(93)
$1.19/100g","Dairy, Chilled & Eggs",Dairy,2026-04-01,https://www.lazada.sg/products/pdp-i3588511374-s23678958754.html?fs_ab=2&priceCompare=skuId%3A23678958754%3Bsource%3Alazada-search-voucher-other%3Bsn%3A234f41c50fe34b836d8c4bfbc13a845b%3BoriginPrice%3A535%3BdisplayPrice%3A535%3BsinglePromotionId%3A91471632269928%3BsingleToolCode%3AsingleBuy%3BvoucherPricePlugin%3A0%3Btimestamp%3A1775012061121&c=&ratingscore=4.967741935483871&freeshipping=0&channelLpJumpArgs=&fuse_fs=&search=1&sale=5308&price=5.35&review=93&location=Singapore&stock=1&lang=en&request_id=234f41c50fe34b836d8c4bfbc13a845b
RedMart,"SAVE $1.00
$11.90
$12.90
Yoiaji Strawberry 454G
454 g
4D
5.0
(9)
$2.62/100g","Dairy, Chilled & Eggs",Dairy,2026-04-01,https://www.lazada.sg/products/pdp-i3385405578-s22597051265.html?fs_ab=2&priceCompare=skuId%3A22597051265%3Bsource%3Alazada-search-voucher-other%3Bsn%3A234f41c50fe34b836d8c4bfbc13a845b%3BoriginPrice%3A1190%3BdisplayPrice%3A1190%3BsinglePromotionId%3A91471610638295%3BsingleToolCode%3AsingleBuy%3BvoucherPricePlugin%3A0%3Btimestamp%3A1775012061121&c=&ratingscore=5.0&freeshipping=0&channelLpJumpArgs=&fuse_fs=&search=1&sale=778&price=11.9&review=9&location=Singapore&stock=1&lang=en&request_id=234f41c50fe34b836d8c4bfbc13a845b
RedMart,"SAVE $4.45
$4.50
$8.95
Australia Yellow Peaches
500 g
3D
4.5
(856)
$0.90/100g","Dairy, Chilled & Eggs",Dairy,2026-04-01,https://www.lazada.sg/products/pdp-i351530236-s817622884.html?fs_ab=2&priceCompare=skuId%3A817622884%3Bsource%3Alazada-search-voucher-other%3Bsn%3A234f41c50fe34b836d8c4bfbc13a845b%3BoriginPrice%3A450%3BdisplayPrice%3A450%3BsinglePromotionId%3A91471634867030%3BsingleToolCode%3AflashSale%3BvoucherPricePlugin%3A0%3Btimestamp%3A1775012061121&c=&ratingscore=4.546728971962617&freeshipping=0&channelLpJumpArgs=&fuse_fs=&search=1&sale=36309&price=4.5&review=856&location=Singapore&stock=1&lang=en&request_id=234f41c50fe34b836d8c4bfbc13a845b
RedMart,"11% OFF
$5.20
$5.85
RedMart Organic Royal Gala Apples
500 g
6D
4.7
(1.6k)
$1.04/100g","Dairy, Chilled & Eggs",Dairy,2026-04-01,https://www.lazada.sg/products/pdp-i721442990-s2285408425.html?fs_ab=2&priceCompare=skuId%3A2285408425%3Bsource%3Alazada-search-voucher-other%3Bsn%3A234f41c50fe34b836d8c4bfbc13a845b%3BoriginPrice%3A520%3BdisplayPrice%3A520%3BsinglePromotionId%3A91471632326889%3BsingleToolCode%3AsingleBuy%3BvoucherPricePlugin%3A0%3Btimestamp%3A1775012061121&c=&ratingscore=4.777639751552795&freeshipping=0&channelLpJumpArgs=&fuse_fs=&search=1&sale=138182&price=5.2&review=1610&location=Singapore&stock=1&lang=en&request_id=234f41c50fe34b836d8c4bfbc13a845b
RedMart,"$4.07
Golden Pears 4s
1.2 kg
8D
4.7
(3.4k)
$0.34/100g","Dairy, Chilled & Eggs",Dairy,2026-04-01,https://www.lazada.sg/products/pdp-i301088835-s527072963.html?fs_ab=2&priceCompare=skuId%3A527072963%3Bsource%3Alazada-search-voucher-other%3Bsn%3A234f41c50fe34b836d8c4bfbc13a845b%3BoriginPrice%3A407%3BdisplayPrice%3A407%3BsinglePromotionId%3A-1%3BsingleToolCode%3A-1%3BvoucherPricePlugin%3A0%3Btimestamp%3A1775012061121&c=&ratingscore=4.753982300884956&freeshipping=0&channelLpJumpArgs=&fuse_fs=&search=1&sale=127538&price=4.07&review=3390&location=Singapore&stock=1&lang=en&request_id=234f41c50fe34b836d8c4bfbc13a845b
RedMart,"$7.80
Organic Juliet Apple
800 g
4D
4.7
(314)
$0.98/100g","Dairy, Chilled & Eggs",Dairy,2026-04-01,https://www.lazada.sg/products/pdp-i520072241-s1455024481.html?fs_ab=2&priceCompare=skuId%3A1455024481%3Bsource%3Alazada-search-voucher-other%3Bsn%3A234f41c50fe34b836d8c4bfbc13a845b%3BoriginPrice%3A780%3BdisplayPrice%3A780%3BsinglePromotionId%3A-1%3BsingleToolCode%3A-1%3BvoucherPricePlugin%3A0%3Btimestamp%3A1775012061121&c=&ratingscore=4.777070063694268&freeshipping=0&channelLpJumpArgs=&fuse_fs=&search=1&sale=20930&price=7.8&review=314&location=Singapore&stock=1&lang=en&request_id=234f41c50fe34b836d8c4bfbc13a845b
RedMart,"$2.87
Red Dragonfruit 380G
380 g
2D
4.7
(3.2k)
$0.76/100g","Dairy, Chilled & Eggs",Dairy,2026-04-01,https://www.lazada.sg/products/pdp-i945978632-s3357702746.html?fs_ab=2&priceCompare=skuId%3A3357702746%3Bsource%3Alazada-search-voucher-other%3Bsn%3A234f41c50fe34b836d8c4bfbc13a845b%3BoriginPrice%3A287%3BdisplayPrice%3A287%3BsinglePromotionId%3A-1%3BsingleToolCode%3A-1%3BvoucherPricePlugin%3A0%3Btimestamp%3A1775012061121&c=&ratingscore=4.795305164319249&freeshipping=0&channelLpJumpArgs=&fuse_fs=&search=1&sale=183784&price=2.87&review=3194&location=Singapore&stock=1&lang=en&request_id=234f41c50fe34b836d8c4bfbc13a845b
RedMart,"11% OFF
$7.96
$8.95
RedMart Rock Melon Australia
850 g
5D
4.6
(3.9k)
$0.94/100g","Dairy, Chilled & Eggs",Dairy,2026-04-01,https://www.lazada.sg/products/pdp-i1079336111-s4144084092.html?fs_ab=2&priceCompare=skuId%3A4144084092%3Bsource%3Alazada-search-voucher-other%3Bsn%3A234f41c50fe34b836d8c4bfbc13a845b%3BoriginPrice%3A796%3BdisplayPrice%3A796%3BsinglePromotionId%3A91471632305678%3BsingleToolCode%3AsingleBuy%3BvoucherPricePlugin%3A0%3Btimestamp%3A1775012061121&c=&ratingscore=4.626903553299492&freeshipping=0&channelLpJumpArgs=&fuse_fs=&search=1&sale=194445&price=7.96&review=3940&location=Singapore&stock=1&lang=en&request_id=234f41c50fe34b836d8c4bfbc13a845b
RedMart,"Buy 3 For $5.95
$2.37
Red Dragonfruit 300G
300 g
3D
4.5
(6.8k)
$0.79/100g","Dairy, Chilled & Eggs",Dairy,2026-04-01,https://www.lazada.sg/products/pdp-i303468148-s536852178.html?fs_ab=2&priceCompare=skuId%3A536852178%3Bsource%3Alazada-search-voucher-other%3Bsn%3A234f41c50fe34b836d8c4bfbc13a845b%3BoriginPrice%3A237%3BdisplayPrice%3A237%3BsinglePromotionId%3A-1%3BsingleToolCode%3A-1%3BvoucherPricePlugin%3A0%3Btimestamp%3A1775012061121&c=&ratingscore=4.52804842043106&freeshipping=0&channelLpJumpArgs=&fuse_fs=&search=1&sale=448267&price=2.37&review=6774&location=Singapore&stock=1&lang=en&request_id=234f41c50fe34b836d8c4bfbc13a845b
RedMart,"$4.95
Gold+ Conference Pear (4 PCS)
450 g
5D
4.6
(140)
$1.10/100g","Dairy, Chilled & Eggs",Dairy,2026-04-01,https://www.lazada.sg/products/pdp-i1625027139-s7646766537.html?fs_ab=2&priceCompare=skuId%3A7646766537%3Bsource%3Alazada-search-voucher-other%3Bsn%3A234f41c50fe34b836d8c4bfbc13a845b%3BoriginPrice%3A495%3BdisplayPrice%3A495%3BsinglePromotionId%3A-1%3BsingleToolCode%3A-1%3BvoucherPricePlugin%3A0%3Btimestamp%3A1775012061121&c=&ratingscore=4.635714285714286&freeshipping=0&channelLpJumpArgs=&fuse_fs=&search=1&sale=9488&price=4.95&review=140&location=Singapore&stock=1&lang=en&request_id=234f41c50fe34b836d8c4bfbc13a845b
RedMart,"$5.65
Cripps Red Apples
1 kg
8D
4.6
(1.3k)
$0.57/100g","Dairy, Chilled & Eggs",Dairy,2026-04-01,https://www.lazada.sg/products/pdp-i301088833-s527072961.html?fs_ab=2&priceCompare=skuId%3A527072961%3Bsource%3Alazada-search-voucher-other%3Bsn%3A234f41c50fe34b836d8c4bfbc13a845b%3BoriginPrice%3A565%3BdisplayPrice%3A565%3BsinglePromotionId%3A-1%3BsingleToolCode%3A-1%3BvoucherPricePlugin%3A0%3Btimestamp%3A1775012061121&c=&ratingscore=4.673964034401877&freeshipping=0&channelLpJumpArgs=&fuse_fs=&search=1&sale=90785&price=5.65&review=1279&location=Singapore&stock=1&lang=en&request_id=234f41c50fe34b836d8c4bfbc13a845b
RedMart,"$2.47
Cavendish Banana
700 g
3D
4.8
(24.4k)
$0.35/100g","Dairy, Chilled & Eggs",Dairy,2026-04-01,https://www.lazada.sg/products/pdp-i318280599-s611558185.html?fs_ab=2&priceCompare=skuId%3A611558185%3Bsource%3Alazada-search-voucher-other%3Bsn%3A234f41c50fe34b836d8c4bfbc13a845b%3BoriginPrice%3A247%3BdisplayPrice%3A247%3BsinglePromotionId%3A-1%3BsingleToolCode%3A-1%3BvoucherPricePlugin%3A0%3Btimestamp%3A1775012061121&c=&ratingscore=4.840943527580982&freeshipping=0&channelLpJumpArgs=&fuse_fs=&search=1&sale=1245358&price=2.47&review=24419&location=Singapore&stock=1&lang=en&request_id=234f41c50fe34b836d8c4bfbc13a845b
RedMart,"10% OFF
$5.35
$5.95
Ambrosia Apples
4 Per Pack
5D
4.8
(45)
$1.34/pc","Dairy, Chilled & Eggs",Dairy,2026-04-01,https://www.lazada.sg/products/pdp-i305026325-s541096590.html?fs_ab=2&priceCompare=skuId%3A541096590%3Bsource%3Alazada-search-voucher-other%3Bsn%3A234f41c50fe34b836d8c4bfbc13a845b%3BoriginPrice%3A535%3BdisplayPrice%3A535%3BsinglePromotionId%3A91471728925819%3BsingleToolCode%3AsingleBuy%3BvoucherPricePlugin%3A0%3Btimestamp%3A1775012061121&c=&ratingscore=4.8&freeshipping=0&channelLpJumpArgs=&fuse_fs=&search=1&sale=2423&price=5.35&review=45&location=Singapore&stock=1&lang=en&request_id=234f41c50fe34b836d8c4bfbc13a845b
RedMart,"$9.90
India Fresh Pomegranate Anar
500 g
5D
4.7
(135)
$1.98/100g","Dairy, Chilled & Eggs",Dairy,2026-04-01,https://www.lazada.sg/products/pdp-i2212063850-s12695102276.html?fs_ab=2&priceCompare=skuId%3A12695102276%3Bsource%3Alazada-search-voucher-other%3Bsn%3A234f41c50fe34b836d8c4bfbc13a845b%3BoriginPrice%3A990%3BdisplayPrice%3A990%3BsinglePromotionId%3A-1%3BsingleToolCode%3A-1%3BvoucherPricePlugin%3A0%3Btimestamp%3A1775012061121&c=&ratingscore=4.762962962962963&freeshipping=0&channelLpJumpArgs=&fuse_fs=&search=1&sale=10846&price=9.9&review=135&location=Singapore&stock=1&lang=en&request_id=234f41c50fe34b836d8c4bfbc13a845b
RedMart,"10% OFF
$4.00
$4.45
RedMart Navel Orange
850 g
8D
4.7
(4.7k)
$0.47/100g","Dairy, Chilled & Eggs",Dairy,2026-04-01,https://www.lazada.sg/products/pdp-i303662240-s537294857.html?fs_ab=2&priceCompare=skuId%3A537294857%3Bsource%3Alazada-search-voucher-other%3Bsn%3A234f41c50fe34b836d8c4bfbc13a845b%3BoriginPrice%3A400%3BdisplayPrice%3A400%3BsinglePromotionId%3A91471632293833%3BsingleToolCode%3AsingleBuy%3BvoucherPricePlugin%3A0%3Btimestamp%3A1775012061121&c=&ratingscore=4.763551993250369&freeshipping=0&channelLpJumpArgs=&fuse_fs=&search=1&sale=218071&price=4&review=4741&location=Singapore&stock=1&lang=en&request_id=234f41c50fe34b836d8c4bfbc13a845b
RedMart,"34% OFF
$5.95
$8.95
Australia Yellow Nectarine
500 g
3D
4.6
(248)
$1.19/100g","Dairy, Chilled & Eggs",Dairy,2026-04-01,https://www.lazada.sg/products/pdp-i480064547-s1308456091.html?fs_ab=2&priceCompare=skuId%3A1308456091%3Bsource%3Alazada-search-voucher-other%3Bsn%3A234f41c50fe34b836d8c4bfbc13a845b%3BoriginPrice%3A595%3BdisplayPrice%3A595%3BsinglePromotionId%3A91471728997309%3BsingleToolCode%3AsingleBuy%3BvoucherPricePlugin%3A0%3Btimestamp%3A1775012061121&c=&ratingscore=4.649193548387097&freeshipping=0&channelLpJumpArgs=&fuse_fs=&search=1&sale=12812&price=5.95&review=248&location=Singapore&stock=1&lang=en&request_id=234f41c50fe34b836d8c4bfbc13a845b
RedMart,"$5.04
Green Kiwi Fruit 6s
440 g
5D
4.6
(2.4k)
$1.15/100g","Dairy, Chilled & Eggs",Dairy,2026-04-01,https://www.lazada.sg/products/pdp-i301108865-s527088978.html?fs_ab=2&priceCompare=skuId%3A527088978%3Bsource%3Alazada-search-voucher-other%3Bsn%3A234f41c50fe34b836d8c4bfbc13a845b%3BoriginPrice%3A504%3BdisplayPrice%3A504%3BsinglePromotionId%3A-1%3BsingleToolCode%3A-1%3BvoucherPricePlugin%3A0%3Btimestamp%3A1775012061121&c=&ratingscore=4.630615640599002&freeshipping=0&channelLpJumpArgs=&fuse_fs=&search=1&sale=120047&price=5.04&review=2404&location=Singapore&stock=1&lang=en&request_id=234f41c50fe34b836d8c4bfbc13a845b
RedMart,"10% OFF
$4.95
$5.50
Sunkist Lemon
500 g
4D
4.8
(31)
$0.99/100g","Dairy, Chilled & Eggs",Dairy,2026-04-01,https://www.lazada.sg/products/pdp-i2478520434-s14782053583.html?fs_ab=2&priceCompare=skuId%3A14782053583%3Bsource%3Alazada-search-voucher-other%3Bsn%3A234f41c50fe34b836d8c4bfbc13a845b%3BoriginPrice%3A495%3BdisplayPrice%3A495%3BsinglePromotionId%3A91471632346803%3BsingleToolCode%3AsingleBuy%3BvoucherPricePlugin%3A0%3Btimestamp%3A1775012061121&c=&ratingscore=4.806451612903226&freeshipping=0&channelLpJumpArgs=&fuse_fs=&search=1&sale=1365&price=4.95&review=31&location=Singapore&stock=1&lang=en&request_id=234f41c50fe34b836d8c4bfbc13a845b
RedMart,"$2.90
Sumifru Premium Kamsookwang Pineapple
1.2 kg
3D
4.6
(3.2k)
$0.24/100g","Dairy, Chilled & Eggs",Dairy,2026-04-01,https://www.lazada.sg/products/pdp-i304094411-s538238251.html?fs_ab=2&priceCompare=skuId%3A538238251%3Bsource%3Alazada-search-voucher-other%3Bsn%3A234f41c50fe34b836d8c4bfbc13a845b%3BoriginPrice%3A290%3BdisplayPrice%3A290%3BsinglePromotionId%3A-1%3BsingleToolCode%3A-1%3BvoucherPricePlugin%3A0%3Btimestamp%3A1775012061121&c=&ratingscore=4.671245707149548&freeshipping=0&channelLpJumpArgs=&fuse_fs=&search=1&sale=144581&price=2.9&review=3203&location=Singapore&stock=1&lang=en&request_id=234f41c50fe34b836d8c4bfbc13a845b
RedMart,"12% OFF
$3.95
$4.50
Cara Cara Orange
800 g
3D
4.8
(343)
$0.49/100g","Dairy, Chilled & Eggs",Dairy,2026-04-01,https://www.lazada.sg/products/pdp-i2462104721-s14646364065.html?fs_ab=2&priceCompare=skuId%3A14646364065%3Bsource%3Alazada-search-voucher-other%3Bsn%3A234f41c50fe34b836d8c4bfbc13a845b%3BoriginPrice%3A395%3BdisplayPrice%3A395%3BsinglePromotionId%3A91471632277923%3BsingleToolCode%3AsingleBuy%3BvoucherPricePlugin%3A0%3Btimestamp%3A1775012061121&c=&ratingscore=4.813411078717201&freeshipping=0&channelLpJumpArgs=&fuse_fs=&search=1&sale=13768&price=3.95&review=343&location=Singapore&stock=1&lang=en&request_id=234f41c50fe34b836d8c4bfbc13a845b
RedMart,"$3.95
Siam Coco Pre-Cut Thai Coconut
600 g
5D
4.8
(1.2k)
$0.66/100g","Dairy, Chilled & Eggs",Dairy,2026-04-01,https://www.lazada.sg/products/pdp-i303248748-s536550875.html?fs_ab=2&priceCompare=skuId%3A536550875%3Bsource%3Alazada-search-voucher-other%3Bsn%3A234f41c50fe34b836d8c4bfbc13a845b%3BoriginPrice%3A395%3BdisplayPrice%3A395%3BsinglePromotionId%3A-1%3BsingleToolCode%3A-1%3BvoucherPricePlugin%3A0%3Btimestamp%3A1775012061121&c=&ratingscore=4.820491109229467&freeshipping=0&channelLpJumpArgs=&fuse_fs=&search=1&sale=142011&price=3.95&review=1181&location=Singapore&stock=1&lang=en&request_id=234f41c50fe34b836d8c4bfbc13a845b
RedMart,"$1.25
Small Limes
150 g
3D
4.8
(5.7k)
$0.83/100g","Dairy, Chilled & Eggs",Dairy,2026-04-01,https://www.lazada.sg/products/pdp-i304952735-s541064415.html?fs_ab=2&priceCompare=skuId%3A541064415%3Bsource%3Alazada-search-voucher-other%3Bsn%3A234f41c50fe34b836d8c4bfbc13a845b%3BoriginPrice%3A125%3BdisplayPrice%3A125%3BsinglePromotionId%3A-1%3BsingleToolCode%3A-1%3BvoucherPricePlugin%3A0%3Btimestamp%3A1775012061121&c=&ratingscore=4.885784572131436&freeshipping=0&channelLpJumpArgs=&fuse_fs=&search=1&sale=223280&price=1.25&review=5691&location=Singapore&stock=1&lang=en&request_id=234f41c50fe34b836d8c4bfbc13a845b
RedMart,"$1.65
Large Seedless Limes
250 g
5D
4.9
(2.8k)
$0.66/100g","Dairy, Chilled & Eggs",Dairy,2026-04-01,https://www.lazada.sg/products/pdp-i301090790-s527090746.html?fs_ab=2&priceCompare=skuId%3A527090746%3Bsource%3Alazada-search-voucher-other%3Bsn%3A234f41c50fe34b836d8c4bfbc13a845b%3BoriginPrice%3A165%3BdisplayPrice%3A165%3BsinglePromotionId%3A-1%3BsingleToolCode%3A-1%3BvoucherPricePlugin%3A0%3Btimestamp%3A1775012061121&c=&ratingscore=4.921148255813954&freeshipping=0&channelLpJumpArgs=&fuse_fs=&search=1&sale=189331&price=1.65&review=2752&location=Singapore&stock=1&lang=en&request_id=234f41c50fe34b836d8c4bfbc13a845b
RedMart,"10% OFF
$4.86
$5.40
Queen Apple
700 g
4D
4.7
(134)
$0.69/100g","Dairy, Chilled & Eggs",Dairy,2026-04-01,https://www.lazada.sg/products/pdp-i2462186054-s14646337251.html?fs_ab=2&priceCompare=skuId%3A14646337251%3Bsource%3Alazada-search-voucher-other%3Bsn%3A234f41c50fe34b836d8c4bfbc13a845b%3BoriginPrice%3A486%3BdisplayPrice%3A486%3BsinglePromotionId%3A91471632269928%3BsingleToolCode%3AsingleBuy%3BvoucherPricePlugin%3A0%3Btimestamp%3A1775012061121&c=&ratingscore=4.798507462686567&freeshipping=0&channelLpJumpArgs=&fuse_fs=&search=1&sale=5707&price=4.86&review=134&location=Singapore&stock=1&lang=en&request_id=234f41c50fe34b836d8c4bfbc13a845b
RedMart,"Any 2 Save 5%
$5.40
RedMart Unwaxed Lemons
650 g
7D
4.8
(6.1k)
$0.83/100g","Dairy, Chilled & Eggs",Dairy,2026-04-01,https://www.lazada.sg/products/pdp-i1548788612-s7249264792.html?fs_ab=2&priceCompare=skuId%3A7249264792%3Bsource%3Alazada-search-voucher-other%3Bsn%3A234f41c50fe34b836d8c4bfbc13a845b%3BoriginPrice%3A540%3BdisplayPrice%3A540%3BsinglePromotionId%3A-1%3BsingleToolCode%3A-1%3BvoucherPricePlugin%3A0%3Btimestamp%3A1775012061121&c=&ratingscore=4.878480183426138&freeshipping=0&channelLpJumpArgs=&fuse_fs=&search=1&sale=355130&price=5.4&review=6106&location=Singapore&stock=1&lang=en&request_id=234f41c50fe34b836d8c4bfbc13a845b
RedMart,"$3.42
Pisang Berangan Malaysian Bananas
800 g
5D
4.5
(5.6k)
$0.43/100g","Dairy, Chilled & Eggs",Dairy,2026-04-01,https://www.lazada.sg/products/pdp-i303368402-s536720427.html?fs_ab=2&priceCompare=skuId%3A536720427%3Bsource%3Alazada-search-voucher-other%3Bsn%3A234f41c50fe34b836d8c4bfbc13a845b%3BoriginPrice%3A342%3BdisplayPrice%3A342%3BsinglePromotionId%3A-1%3BsingleToolCode%3A-1%3BvoucherPricePlugin%3A0%3Btimestamp%3A1775012061121&c=&ratingscore=4.590102205486821&freeshipping=0&channelLpJumpArgs=&fuse_fs=&search=1&sale=212955&price=3.42&review=5577&location=Singapore&stock=1&lang=en&request_id=234f41c50fe34b836d8c4bfbc13a845b
RedMart,"$4.95
Red Seedless Grapes
500 g
6D
4.7
(9.4k)
$0.99/100g","Dairy, Chilled & Eggs",Dairy,2026-04-01,https://www.lazada.sg/products/pdp-i301098907-s527128159.html?fs_ab=2&priceCompare=skuId%3A527128159%3Bsource%3Alazada-search-voucher-other%3Bsn%3A234f41c50fe34b836d8c4bfbc13a845b%3BoriginPrice%3A495%3BdisplayPrice%3A495%3BsinglePromotionId%3A-1%3BsingleToolCode%3A-1%3BvoucherPricePlugin%3A0%3Btimestamp%3A1775012061121&c=&ratingscore=4.790219475815044&freeshipping=0&channelLpJumpArgs=&fuse_fs=&search=1&sale=519480&price=4.95&review=9386&location=Singapore&stock=1&lang=en&request_id=234f41c50fe34b836d8c4bfbc13a845b
RedMart,"$3.37
Ya Pear
1 kg
4D
4.7
(1.8k)
$0.34/100g","Dairy, Chilled & Eggs",Dairy,2026-04-01,https://www.lazada.sg/products/pdp-i492118139-s1354076077.html?fs_ab=2&priceCompare=skuId%3A1354076077%3Bsource%3Alazada-search-voucher-other%3Bsn%3A234f41c50fe34b836d8c4bfbc13a845b%3BoriginPrice%3A337%3BdisplayPrice%3A337%3BsinglePromotionId%3A-1%3BsingleToolCode%3A-1%3BvoucherPricePlugin%3A0%3Btimestamp%3A1775012061121&c=&ratingscore=4.7007616974972795&freeshipping=0&channelLpJumpArgs=&fuse_fs=&search=1&sale=49873&price=3.37&review=1838&location=Singapore&stock=1&lang=en&request_id=234f41c50fe34b836d8c4bfbc13a845b
RedMart,"$7.64
Global Seasons Medjool Dates
250 g
5W
4.8
(1.1k)
$3.06/100g","Dairy, Chilled & Eggs",Dairy,2026-04-01,https://www.lazada.sg/products/pdp-i326102782-s685756140.html?fs_ab=2&priceCompare=skuId%3A685756140%3Bsource%3Alazada-search-voucher-other%3Bsn%3A234f41c50fe34b836d8c4bfbc13a845b%3BoriginPrice%3A764%3BdisplayPrice%3A764%3BsinglePromotionId%3A-1%3BsingleToolCode%3A-1%3BvoucherPricePlugin%3A0%3Btimestamp%3A1775012061121&c=&ratingscore=4.831940575673166&freeshipping=0&channelLpJumpArgs=&fuse_fs=&search=1&sale=74070&price=7.64&review=1077&location=Singapore&stock=1&lang=en&request_id=234f41c50fe34b836d8c4bfbc13a845b
RedMart,"$4.95
Granny Smith Green Apples
1 kg
7D
4.7
(3.2k)
$0.50/100g","Dairy, Chilled & Eggs",Dairy,2026-04-01,https://www.lazada.sg/products/pdp-i301072998-s527094932.html?fs_ab=2&priceCompare=skuId%3A527094932%3Bsource%3Alazada-search-voucher-other%3Bsn%3A234f41c50fe34b836d8c4bfbc13a845b%3BoriginPrice%3A495%3BdisplayPrice%3A495%3BsinglePromotionId%3A-1%3BsingleToolCode%3A-1%3BvoucherPricePlugin%3A0%3Btimestamp%3A1775012061121&c=&ratingscore=4.78636506440465&freeshipping=0&channelLpJumpArgs=&fuse_fs=&search=1&sale=214603&price=4.95&review=3183&location=Singapore&stock=1&lang=en&request_id=234f41c50fe34b836d8c4bfbc13a845b
RedMart,"$12.45
Grade A Red Flesh Seedless Watermelon
5 kg
3D
4.5
(8.1k)
$0.25/100g","Dairy, Chilled & Eggs",Dairy,2026-04-01,https://www.lazada.sg/products/pdp-i326126242-s685762063.html?fs_ab=2&priceCompare=skuId%3A685762063%3Bsource%3Alazada-search-voucher-other%3Bsn%3A234f41c50fe34b836d8c4bfbc13a845b%3BoriginPrice%3A1245%3BdisplayPrice%3A1245%3BsinglePromotionId%3A-1%3BsingleToolCode%3A-1%3BvoucherPricePlugin%3A0%3Btimestamp%3A1775012061121&c=&ratingscore=4.580138511006679&freeshipping=0&channelLpJumpArgs=&fuse_fs=&search=1&sale=315925&price=12.45&review=8086&location=Singapore&stock=1&lang=en&request_id=234f41c50fe34b836d8c4bfbc13a845b
RedMart,"Buy 2 For $7.95
$6.95
Jumbo Blueberries 125G
125 g
3D
4.7
(1.3k)
$5.56/100g","Dairy, Chilled & Eggs",Dairy,2026-04-01,https://www.lazada.sg/products/pdp-i304950649-s541050507.html?fs_ab=2&priceCompare=skuId%3A541050507%3Bsource%3Alazada-search-voucher-other%3Bsn%3A234f41c50fe34b836d8c4bfbc13a845b%3BoriginPrice%3A695%3BdisplayPrice%3A695%3BsinglePromotionId%3A-1%3BsingleToolCode%3A-1%3BvoucherPricePlugin%3A0%3Btimestamp%3A1775012061121&c=&ratingscore=4.7784&freeshipping=0&channelLpJumpArgs=&fuse_fs=&search=1&sale=78344&price=6.95&review=1250&location=Singapore&stock=1&lang=en&request_id=234f41c50fe34b836d8c4bfbc13a845b
RedMart,"12% OFF
$6.95
$7.90
Sabah Pomelo (Small)
1 kg
16D
4.7
(612)
$0.70/100g","Dairy, Chilled & Eggs",Dairy,2026-04-01,https://www.lazada.sg/products/pdp-i304140762-s538354320.html?fs_ab=2&priceCompare=skuId%3A538354320%3Bsource%3Alazada-search-voucher-other%3Bsn%3A234f41c50fe34b836d8c4bfbc13a845b%3BoriginPrice%3A695%3BdisplayPrice%3A695%3BsinglePromotionId%3A91471632337877%3BsingleToolCode%3AsingleBuy%3BvoucherPricePlugin%3A0%3Btimestamp%3A1775012061121&c=&ratingscore=4.707516339869281&freeshipping=0&channelLpJumpArgs=&fuse_fs=&search=1&sale=31494&price=6.95&review=612&location=Singapore&stock=1&lang=en&request_id=234f41c50fe34b836d8c4bfbc13a845b
RedMart,"10% OFF
$4.54
$5.04
PinKids Pink Lady Apples
600 g
3D
4.7
(210)
$0.76/100g","Dairy, Chilled & Eggs",Dairy,2026-04-01,https://www.lazada.sg/products/pdp-i303556358-s537178918.html?fs_ab=2&priceCompare=skuId%3A537178918%3Bsource%3Alazada-search-voucher-other%3Bsn%3A234f41c50fe34b836d8c4bfbc13a845b%3BoriginPrice%3A454%3BdisplayPrice%3A454%3BsinglePromotionId%3A91471632269928%3BsingleToolCode%3AsingleBuy%3BvoucherPricePlugin%3A0%3Btimestamp%3A1775012061121&c=&ratingscore=4.723809523809524&freeshipping=0&channelLpJumpArgs=&fuse_fs=&search=1&sale=13848&price=4.54&review=210&location=Singapore&stock=1&lang=en&request_id=234f41c50fe34b836d8c4bfbc13a845b
RedMart,"10% OFF
$4.05
$4.50
South Africa Fuji Apple
1 kg
5D
4.8
(590)
$0.40/100g","Dairy, Chilled & Eggs",Dairy,2026-04-01,https://www.lazada.sg/products/pdp-i491816223-s1352600919.html?fs_ab=2&priceCompare=skuId%3A1352600919%3Bsource%3Alazada-search-voucher-other%3Bsn%3A234f41c50fe34b836d8c4bfbc13a845b%3BoriginPrice%3A405%3BdisplayPrice%3A405%3BsinglePromotionId%3A91471728925819%3BsingleToolCode%3AsingleBuy%3BvoucherPricePlugin%3A0%3Btimestamp%3A1775012061121&c=&ratingscore=4.806779661016949&freeshipping=0&channelLpJumpArgs=&fuse_fs=&search=1&sale=21811&price=4.05&review=590&location=Singapore&stock=1&lang=en&request_id=234f41c50fe34b836d8c4bfbc13a845b
RedMart,"$2.75
Grapefruit 2s
500 g
6D
4.8
(3.2k)
$0.55/100g","Dairy, Chilled & Eggs",Dairy,2026-04-01,https://www.lazada.sg/products/pdp-i301078832-s527100565.html?fs_ab=2&priceCompare=skuId%3A527100565%3Bsource%3Alazada-search-voucher-other%3Bsn%3A234f41c50fe34b836d8c4bfbc13a845b%3BoriginPrice%3A275%3BdisplayPrice%3A275%3BsinglePromotionId%3A-1%3BsingleToolCode%3A-1%3BvoucherPricePlugin%3A0%3Btimestamp%3A1775012061121&c=&ratingscore=4.843478260869565&freeshipping=0&channelLpJumpArgs=&fuse_fs=&search=1&sale=243775&price=2.75&review=3220&location=Singapore&stock=1&lang=en&request_id=234f41c50fe34b836d8c4bfbc13a845b
